track,DMS_id,protein,uniprot,aln_ident,role,t_pos,wt,uniprot_annotated,n_dms_subs,n_compatible,n_incompatible,muts
A-glyc,A0A140D2T1_ZIKV_Sourisseau_2019,A0A140D2T1,A0A140D2T1_ZIKV,,sequon_N,192,N,False,0,0,0,
A-glyc,A0A140D2T1_ZIKV_Sourisseau_2019,A0A140D2T1,A0A140D2T1_ZIKV,,sequon_ST+2,194,T,False,0,0,0,
A-glyc,A0A140D2T1_ZIKV_Sourisseau_2019,A0A140D2T1,A0A140D2T1_ZIKV,,sequon_N,444,N,False,19,0,19,ACDEFGHIKLMPQRSTVWY
A-glyc,A0A140D2T1_ZIKV_Sourisseau_2019,A0A140D2T1,A0A140D2T1_ZIKV,,sequon_ST+2,446,T,False,19,2,17,ACDEFGHIKLMNPQRSVWY
A-glyc,A0A140D2T1_ZIKV_Sourisseau_2019,A0A140D2T1,A0A140D2T1_ZIKV,,sequon_N,771,N,False,19,0,19,ACDEFGHIKLMPQRSTVWY
A-glyc,A0A140D2T1_ZIKV_Sourisseau_2019,A0A140D2T1,A0A140D2T1_ZIKV,,sequon_ST+2,773,S,False,19,2,17,ACDEFGHIKLMNPQRTVWY
A-glyc,A0A140D2T1_ZIKV_Sourisseau_2019,A0A140D2T1,A0A140D2T1_ZIKV,,sequon_N,924,N,False,0,0,0,
A-glyc,A0A140D2T1_ZIKV_Sourisseau_2019,A0A140D2T1,A0A140D2T1_ZIKV,,sequon_ST+2,926,S,False,0,0,0,
A-glyc,A0A140D2T1_ZIKV_Sourisseau_2019,A0A140D2T1,A0A140D2T1_ZIKV,,sequon_N,1001,N,False,0,0,0,
A-glyc,A0A140D2T1_ZIKV_Sourisseau_2019,A0A140D2T1,A0A140D2T1_ZIKV,,sequon_ST+2,1003,T,False,0,0,0,
A-glyc,A0A140D2T1_ZIKV_Sourisseau_2019,A0A140D2T1,A0A140D2T1_ZIKV,,sequon_N,1244,N,False,0,0,0,
A-glyc,A0A140D2T1_ZIKV_Sourisseau_2019,A0A140D2T1,A0A140D2T1_ZIKV,,sequon_ST+2,1246,T,False,0,0,0,
A-glyc,A0A140D2T1_ZIKV_Sourisseau_2019,A0A140D2T1,A0A140D2T1_ZIKV,,sequon_N,1660,N,False,0,0,0,
A-glyc,A0A140D2T1_ZIKV_Sourisseau_2019,A0A140D2T1,A0A140D2T1_ZIKV,,sequon_ST+2,1662,S,False,0,0,0,
A-glyc,A0A140D2T1_ZIKV_Sourisseau_2019,A0A140D2T1,A0A140D2T1_ZIKV,,sequon_N,1751,N,False,0,0,0,
A-glyc,A0A140D2T1_ZIKV_Sourisseau_2019,A0A140D2T1,A0A140D2T1_ZIKV,,sequon_ST+2,1753,T,False,0,0,0,
A-glyc,A0A140D2T1_ZIKV_Sourisseau_2019,A0A140D2T1,A0A140D2T1_ZIKV,,sequon_N,2070,N,False,0,0,0,
A-glyc,A0A140D2T1_ZIKV_Sourisseau_2019,A0A140D2T1,A0A140D2T1_ZIKV,,sequon_ST+2,2072,T,False,0,0,0,
A-glyc,A0A140D2T1_ZIKV_Sourisseau_2019,A0A140D2T1,A0A140D2T1_ZIKV,,sequon_N,2333,N,False,0,0,0,
A-glyc,A0A140D2T1_ZIKV_Sourisseau_2019,A0A140D2T1,A0A140D2T1_ZIKV,,sequon_ST+2,2335,S,False,0,0,0,
A-glyc,A0A140D2T1_ZIKV_Sourisseau_2019,A0A140D2T1,A0A140D2T1_ZIKV,,sequon_N,2485,N,False,0,0,0,
A-glyc,A0A140D2T1_ZIKV_Sourisseau_2019,A0A140D2T1,A0A140D2T1_ZIKV,,sequon_ST+2,2487,S,False,0,0,0,
A-glyc,A0A140D2T1_ZIKV_Sourisseau_2019,A0A140D2T1,A0A140D2T1_ZIKV,,sequon_N,2734,N,False,0,0,0,
A-glyc,A0A140D2T1_ZIKV_Sourisseau_2019,A0A140D2T1,A0A140D2T1_ZIKV,,sequon_ST+2,2736,T,False,0,0,0,
A-glyc,A0A192B1T2_9HIV1_Haddox_2018,A0A192B1T2,A0A192B1T2_9HIV1,,sequon_N,87,N,False,19,0,19,ACDEFGHIKLMPQRSTVWY
A-glyc,A0A192B1T2_9HIV1_Haddox_2018,A0A192B1T2,A0A192B1T2_9HIV1,,sequon_ST+2,89,T,False,19,2,17,ACDEFGHIKLMNPQRSVWY
A-glyc,A0A192B1T2_9HIV1_Haddox_2018,A0A192B1T2,A0A192B1T2_9HIV1,,sequon_N,132,N,False,19,0,19,ACDEFGHIKLMPQRSTVWY
A-glyc,A0A192B1T2_9HIV1_Haddox_2018,A0A192B1T2,A0A192B1T2_9HIV1,,sequon_ST+2,134,T,False,19,2,17,ACDEFGHIKLMNPQRSVWY
A-glyc,A0A192B1T2_9HIV1_Haddox_2018,A0A192B1T2,A0A192B1T2_9HIV1,,sequon_N,136,N,False,19,0,19,ACDEFGHIKLMPQRSTVWY
A-glyc,A0A192B1T2_9HIV1_Haddox_2018,A0A192B1T2,A0A192B1T2_9HIV1,,sequon_ST+2,138,T,False,19,2,17,ACDEFGHIKLMNPQRSVWY
A-glyc,A0A192B1T2_9HIV1_Haddox_2018,A0A192B1T2,A0A192B1T2_9HIV1,,sequon_N,147,N,False,19,0,19,ACDEFGHIKLMPQRSTVWY
A-glyc,A0A192B1T2_9HIV1_Haddox_2018,A0A192B1T2,A0A192B1T2_9HIV1,,sequon_ST+2,149,S,False,19,2,17,ACDEFGHIKLMNPQRTVWY
A-glyc,A0A192B1T2_9HIV1_Haddox_2018,A0A192B1T2,A0A192B1T2_9HIV1,,sequon_N,151,N,False,19,0,19,ACDEFGHIKLMPQRSTVWY
A-glyc,A0A192B1T2_9HIV1_Haddox_2018,A0A192B1T2,A0A192B1T2_9HIV1,,sequon_ST+2,153,T,False,19,2,17,ACDEFGHIKLMNPQRSVWY
A-glyc,A0A192B1T2_9HIV1_Haddox_2018,A0A192B1T2,A0A192B1T2_9HIV1,,sequon_N,179,N,False,19,0,19,ACDEFGHIKLMPQRSTVWY
A-glyc,A0A192B1T2_9HIV1_Haddox_2018,A0A192B1T2,A0A192B1T2_9HIV1,,sequon_ST+2,181,T,False,19,2,17,ACDEFGHIKLMNPQRSVWY
A-glyc,A0A192B1T2_9HIV1_Haddox_2018,A0A192B1T2,A0A192B1T2_9HIV1,,sequon_N,191,N,False,19,0,19,ACDEFGHIKLMPQRSTVWY
A-glyc,A0A192B1T2_9HIV1_Haddox_2018,A0A192B1T2,A0A192B1T2_9HIV1,,sequon_ST+2,193,S,False,19,2,17,ACDEFGHIKLMNPQRTVWY
A-glyc,A0A192B1T2_9HIV1_Haddox_2018,A0A192B1T2,A0A192B1T2_9HIV1,,sequon_N,228,N,False,19,0,19,ACDEFGHIKLMPQRSTVWY
A-glyc,A0A192B1T2_9HIV1_Haddox_2018,A0A192B1T2,A0A192B1T2_9HIV1,,sequon_ST+2,230,T,False,19,2,17,ACDEFGHIKLMNPQRSVWY
A-glyc,A0A192B1T2_9HIV1_Haddox_2018,A0A192B1T2,A0A192B1T2_9HIV1,,sequon_N,235,N,False,19,0,19,ACDEFGHIKLMPQRSTVWY
A-glyc,A0A192B1T2_9HIV1_Haddox_2018,A0A192B1T2,A0A192B1T2_9HIV1,,sequon_ST+2,237,S,False,19,2,17,ACDEFGHIKLMNPQRTVWY
A-glyc,A0A192B1T2_9HIV1_Haddox_2018,A0A192B1T2,A0A192B1T2_9HIV1,,sequon_N,256,N,False,19,0,19,ACDEFGHIKLMPQRSTVWY
A-glyc,A0A192B1T2_9HIV1_Haddox_2018,A0A192B1T2,A0A192B1T2_9HIV1,,sequon_ST+2,258,S,False,19,2,17,ACDEFGHIKLMNPQRTVWY
A-glyc,A0A192B1T2_9HIV1_Haddox_2018,A0A192B1T2,A0A192B1T2_9HIV1,,sequon_N,270,N,False,19,0,19,ACDEFGHIKLMPQRSTVWY
A-glyc,A0A192B1T2_9HIV1_Haddox_2018,A0A192B1T2,A0A192B1T2_9HIV1,,sequon_ST+2,272,T,False,19,2,17,ACDEFGHIKLMNPQRSVWY
A-glyc,A0A192B1T2_9HIV1_Haddox_2018,A0A192B1T2,A0A192B1T2_9HIV1,,sequon_N,295,N,False,19,0,19,ACDEFGHIKLMPQRSTVWY
A-glyc,A0A192B1T2_9HIV1_Haddox_2018,A0A192B1T2,A0A192B1T2_9HIV1,,sequon_ST+2,297,T,False,19,2,17,ACDEFGHIKLMNPQRSVWY
A-glyc,A0A192B1T2_9HIV1_Haddox_2018,A0A192B1T2,A0A192B1T2_9HIV1,,sequon_N,325,N,False,19,0,19,ACDEFGHIKLMPQRSTVWY
A-glyc,A0A192B1T2_9HIV1_Haddox_2018,A0A192B1T2,A0A192B1T2_9HIV1,,sequon_ST+2,327,S,False,19,2,17,ACDEFGHIKLMNPQRTVWY
A-glyc,A0A192B1T2_9HIV1_Haddox_2018,A0A192B1T2,A0A192B1T2_9HIV1,,sequon_N,332,N,False,19,0,19,ACDEFGHIKLMPQRSTVWY
A-glyc,A0A192B1T2_9HIV1_Haddox_2018,A0A192B1T2,A0A192B1T2_9HIV1,,sequon_ST+2,334,T,False,19,2,17,ACDEFGHIKLMNPQRSVWY
A-glyc,A0A192B1T2_9HIV1_Haddox_2018,A0A192B1T2,A0A192B1T2_9HIV1,,sequon_N,348,N,False,19,0,19,ACDEFGHIKLMPQRSTVWY
A-glyc,A0A192B1T2_9HIV1_Haddox_2018,A0A192B1T2,A0A192B1T2_9HIV1,,sequon_ST+2,350,T,False,19,2,17,ACDEFGHIKLMNPQRSVWY
A-glyc,A0A192B1T2_9HIV1_Haddox_2018,A0A192B1T2,A0A192B1T2_9HIV1,,sequon_N,356,N,False,19,0,19,ACDEFGHIKLMPQRSTVWY
A-glyc,A0A192B1T2_9HIV1_Haddox_2018,A0A192B1T2,A0A192B1T2_9HIV1,,sequon_ST+2,358,S,False,19,2,17,ACDEFGHIKLMNPQRTVWY
A-glyc,A0A192B1T2_9HIV1_Haddox_2018,A0A192B1T2,A0A192B1T2_9HIV1,,sequon_N,379,N,False,19,0,19,ACDEFGHIKLMPQRSTVWY
A-glyc,A0A192B1T2_9HIV1_Haddox_2018,A0A192B1T2,A0A192B1T2_9HIV1,,sequon_ST+2,381,S,False,19,2,17,ACDEFGHIKLMNPQRTVWY
A-glyc,A0A192B1T2_9HIV1_Haddox_2018,A0A192B1T2,A0A192B1T2_9HIV1,,sequon_N,385,N,False,19,0,19,ACDEFGHIKLMPQRSTVWY
A-glyc,A0A192B1T2_9HIV1_Haddox_2018,A0A192B1T2,A0A192B1T2_9HIV1,,sequon_ST+2,387,T,False,19,2,17,ACDEFGHIKLMNPQRSVWY
A-glyc,A0A192B1T2_9HIV1_Haddox_2018,A0A192B1T2,A0A192B1T2_9HIV1,,sequon_N,391,N,False,19,0,19,ACDEFGHIKLMPQRSTVWY
A-glyc,A0A192B1T2_9HIV1_Haddox_2018,A0A192B1T2,A0A192B1T2_9HIV1,,sequon_ST+2,393,T,False,19,2,17,ACDEFGHIKLMNPQRSVWY
A-glyc,A0A192B1T2_9HIV1_Haddox_2018,A0A192B1T2,A0A192B1T2_9HIV1,,sequon_N,395,N,False,19,0,19,ACDEFGHIKLMPQRSTVWY
A-glyc,A0A192B1T2_9HIV1_Haddox_2018,A0A192B1T2,A0A192B1T2_9HIV1,,sequon_ST+2,397,S,False,19,2,17,ACDEFGHIKLMNPQRTVWY
A-glyc,A0A192B1T2_9HIV1_Haddox_2018,A0A192B1T2,A0A192B1T2_9HIV1,,sequon_N,398,N,False,19,0,19,ACDEFGHIKLMPQRSTVWY
A-glyc,A0A192B1T2_9HIV1_Haddox_2018,A0A192B1T2,A0A192B1T2_9HIV1,,sequon_ST+2,400,T,False,19,2,17,ACDEFGHIKLMNPQRSVWY
A-glyc,A0A192B1T2_9HIV1_Haddox_2018,A0A192B1T2,A0A192B1T2_9HIV1,,sequon_N,402,N,False,19,0,19,ACDEFGHIKLMPQRSTVWY
A-glyc,A0A192B1T2_9HIV1_Haddox_2018,A0A192B1T2,A0A192B1T2_9HIV1,,sequon_ST+2,404,T,False,19,2,17,ACDEFGHIKLMNPQRSVWY
A-glyc,A0A192B1T2_9HIV1_Haddox_2018,A0A192B1T2,A0A192B1T2_9HIV1,,sequon_N,437,N,False,19,0,19,ACDEFGHIKLMPQRSTVWY
A-glyc,A0A192B1T2_9HIV1_Haddox_2018,A0A192B1T2,A0A192B1T2_9HIV1,,sequon_ST+2,439,T,False,19,2,17,ACDEFGHIKLMNPQRSVWY
A-glyc,A0A192B1T2_9HIV1_Haddox_2018,A0A192B1T2,A0A192B1T2_9HIV1,,sequon_N,452,N,False,19,0,19,ACDEFGHIKLMPQRSTVWY
A-glyc,A0A192B1T2_9HIV1_Haddox_2018,A0A192B1T2,A0A192B1T2_9HIV1,,sequon_ST+2,454,S,False,19,2,17,ACDEFGHIKLMNPQRTVWY
A-glyc,A0A192B1T2_9HIV1_Haddox_2018,A0A192B1T2,A0A192B1T2_9HIV1,,sequon_N,600,N,False,19,0,19,ACDEFGHIKLMPQRSTVWY
A-glyc,A0A192B1T2_9HIV1_Haddox_2018,A0A192B1T2,A0A192B1T2_9HIV1,,sequon_ST+2,602,S,False,19,2,17,ACDEFGHIKLMNPQRTVWY
A-glyc,A0A192B1T2_9HIV1_Haddox_2018,A0A192B1T2,A0A192B1T2_9HIV1,,sequon_N,605,N,False,19,0,19,ACDEFGHIKLMPQRSTVWY
A-glyc,A0A192B1T2_9HIV1_Haddox_2018,A0A192B1T2,A0A192B1T2_9HIV1,,sequon_ST+2,607,S,False,19,2,17,ACDEFGHIKLMNPQRTVWY
A-glyc,A0A192B1T2_9HIV1_Haddox_2018,A0A192B1T2,A0A192B1T2_9HIV1,,sequon_N,614,N,False,19,0,19,ACDEFGHIKLMPQRSTVWY
A-glyc,A0A192B1T2_9HIV1_Haddox_2018,A0A192B1T2,A0A192B1T2_9HIV1,,sequon_ST+2,616,T,False,19,2,17,ACDEFGHIKLMNPQRSVWY
A-glyc,A0A192B1T2_9HIV1_Haddox_2018,A0A192B1T2,A0A192B1T2_9HIV1,,sequon_N,626,N,False,19,0,19,ACDEFGHIKLMPQRSTVWY
A-glyc,A0A192B1T2_9HIV1_Haddox_2018,A0A192B1T2,A0A192B1T2_9HIV1,,sequon_ST+2,628,T,False,19,2,17,ACDEFGHIKLMNPQRSVWY
A-glyc,A0A192B1T2_9HIV1_Haddox_2018,A0A192B1T2,A0A192B1T2_9HIV1,,sequon_N,663,N,False,19,0,19,ACDEFGHIKLMPQRSTVWY
A-glyc,A0A192B1T2_9HIV1_Haddox_2018,A0A192B1T2,A0A192B1T2_9HIV1,,sequon_ST+2,665,S,False,19,2,17,ACDEFGHIKLMNPQRTVWY
A-glyc,Q2N0S5_9HIV1_Haddox_2018,Q2N0S5,Q2N0S5_9HIV1,0.9988372093023256,sequon_N,87,N,True,19,0,19,ACDEFGHIKLMPQRSTVWY
A-glyc,Q2N0S5_9HIV1_Haddox_2018,Q2N0S5,Q2N0S5_9HIV1,0.9988372093023256,sequon_ST+2,89,T,True,19,2,17,ACDEFGHIKLMNPQRSVWY
A-glyc,Q2N0S5_9HIV1_Haddox_2018,Q2N0S5,Q2N0S5_9HIV1,0.9988372093023256,sequon_N,132,N,True,19,0,19,ACDEFGHIKLMPQRSTVWY
A-glyc,Q2N0S5_9HIV1_Haddox_2018,Q2N0S5,Q2N0S5_9HIV1,0.9988372093023256,sequon_ST+2,134,T,True,19,2,17,ACDEFGHIKLMNPQRSVWY
A-glyc,Q2N0S5_9HIV1_Haddox_2018,Q2N0S5,Q2N0S5_9HIV1,0.9988372093023256,sequon_N,136,N,False,19,0,19,ACDEFGHIKLMPQRSTVWY
A-glyc,Q2N0S5_9HIV1_Haddox_2018,Q2N0S5,Q2N0S5_9HIV1,0.9988372093023256,sequon_ST+2,138,T,False,19,2,17,ACDEFGHIKLMNPQRSVWY
A-glyc,Q2N0S5_9HIV1_Haddox_2018,Q2N0S5,Q2N0S5_9HIV1,0.9988372093023256,sequon_N,147,N,True,19,0,19,ACDEFGHIKLMPQRSTVWY
A-glyc,Q2N0S5_9HIV1_Haddox_2018,Q2N0S5,Q2N0S5_9HIV1,0.9988372093023256,sequon_ST+2,149,S,True,19,2,17,ACDEFGHIKLMNPQRTVWY
A-glyc,Q2N0S5_9HIV1_Haddox_2018,Q2N0S5,Q2N0S5_9HIV1,0.9988372093023256,sequon_N,151,N,True,19,0,19,ACDEFGHIKLMPQRSTVWY
A-glyc,Q2N0S5_9HIV1_Haddox_2018,Q2N0S5,Q2N0S5_9HIV1,0.9988372093023256,sequon_ST+2,153,T,True,19,2,17,ACDEFGHIKLMNPQRSVWY
A-glyc,Q2N0S5_9HIV1_Haddox_2018,Q2N0S5,Q2N0S5_9HIV1,0.9988372093023256,sequon_N,181,N,False,19,0,19,ACDEFGHIKLMPQRSTVWY
A-glyc,Q2N0S5_9HIV1_Haddox_2018,Q2N0S5,Q2N0S5_9HIV1,0.9988372093023256,sequon_ST+2,183,S,False,19,2,17,ACDEFGHIKLMNPQRTVWY
A-glyc,Q2N0S5_9HIV1_Haddox_2018,Q2N0S5,Q2N0S5_9HIV1,0.9988372093023256,sequon_N,184,N,False,19,0,19,ACDEFGHIKLMPQRSTVWY
A-glyc,Q2N0S5_9HIV1_Haddox_2018,Q2N0S5,Q2N0S5_9HIV1,0.9988372093023256,sequon_ST+2,186,S,False,19,2,17,ACDEFGHIKLMNPQRTVWY
A-glyc,Q2N0S5_9HIV1_Haddox_2018,Q2N0S5,Q2N0S5_9HIV1,0.9988372093023256,sequon_N,196,N,True,19,0,19,ACDEFGHIKLMPQRSTVWY
A-glyc,Q2N0S5_9HIV1_Haddox_2018,Q2N0S5,Q2N0S5_9HIV1,0.9988372093023256,sequon_ST+2,198,S,True,19,2,17,ACDEFGHIKLMNPQRTVWY
A-glyc,Q2N0S5_9HIV1_Haddox_2018,Q2N0S5,Q2N0S5_9HIV1,0.9988372093023256,sequon_N,233,N,True,19,0,19,ACDEFGHIKLMPQRSTVWY
A-glyc,Q2N0S5_9HIV1_Haddox_2018,Q2N0S5,Q2N0S5_9HIV1,0.9988372093023256,sequon_ST+2,235,T,True,19,2,17,ACDEFGHIKLMNPQRSVWY
A-glyc,Q2N0S5_9HIV1_Haddox_2018,Q2N0S5,Q2N0S5_9HIV1,0.9988372093023256,sequon_N,261,N,True,19,0,19,ACDEFGHIKLMPQRSTVWY
A-glyc,Q2N0S5_9HIV1_Haddox_2018,Q2N0S5,Q2N0S5_9HIV1,0.9988372093023256,sequon_ST+2,263,S,True,19,2,17,ACDEFGHIKLMNPQRTVWY
A-glyc,Q2N0S5_9HIV1_Haddox_2018,Q2N0S5,Q2N0S5_9HIV1,0.9988372093023256,sequon_N,275,N,True,19,0,19,ACDEFGHIKLMPQRSTVWY
A-glyc,Q2N0S5_9HIV1_Haddox_2018,Q2N0S5,Q2N0S5_9HIV1,0.9988372093023256,sequon_ST+2,277,T,True,19,2,17,ACDEFGHIKLMNPQRSVWY
A-glyc,Q2N0S5_9HIV1_Haddox_2018,Q2N0S5,Q2N0S5_9HIV1,0.9988372093023256,sequon_N,294,N,True,19,0,19,ACDEFGHIKLMPQRSTVWY
A-glyc,Q2N0S5_9HIV1_Haddox_2018,Q2N0S5,Q2N0S5_9HIV1,0.9988372093023256,sequon_ST+2,296,T,True,19,2,17,ACDEFGHIKLMNPQRSVWY
A-glyc,Q2N0S5_9HIV1_Haddox_2018,Q2N0S5,Q2N0S5_9HIV1,0.9988372093023256,sequon_N,300,N,True,19,0,19,ACDEFGHIKLMPQRSTVWY
A-glyc,Q2N0S5_9HIV1_Haddox_2018,Q2N0S5,Q2N0S5_9HIV1,0.9988372093023256,sequon_ST+2,302,T,True,19,2,17,ACDEFGHIKLMNPQRSVWY
A-glyc,Q2N0S5_9HIV1_Haddox_2018,Q2N0S5,Q2N0S5_9HIV1,0.9988372093023256,sequon_N,330,N,False,19,0,19,ACDEFGHIKLMPQRSTVWY
A-glyc,Q2N0S5_9HIV1_Haddox_2018,Q2N0S5,Q2N0S5_9HIV1,0.9988372093023256,sequon_ST+2,332,S,False,19,2,17,ACDEFGHIKLMNPQRTVWY
A-glyc,Q2N0S5_9HIV1_Haddox_2018,Q2N0S5,Q2N0S5_9HIV1,0.9988372093023256,sequon_N,337,N,True,19,0,19,ACDEFGHIKLMPQRSTVWY
A-glyc,Q2N0S5_9HIV1_Haddox_2018,Q2N0S5,Q2N0S5_9HIV1,0.9988372093023256,sequon_ST+2,339,T,True,19,2,17,ACDEFGHIKLMNPQRSVWY
A-glyc,Q2N0S5_9HIV1_Haddox_2018,Q2N0S5,Q2N0S5_9HIV1,0.9988372093023256,sequon_N,353,N,True,19,0,19,ACDEFGHIKLMPQRSTVWY
A-glyc,Q2N0S5_9HIV1_Haddox_2018,Q2N0S5,Q2N0S5_9HIV1,0.9988372093023256,sequon_ST+2,355,T,True,19,2,17,ACDEFGHIKLMNPQRSVWY
A-glyc,Q2N0S5_9HIV1_Haddox_2018,Q2N0S5,Q2N0S5_9HIV1,0.9988372093023256,sequon_N,361,N,True,19,0,19,ACDEFGHIKLMPQRSTVWY
A-glyc,Q2N0S5_9HIV1_Haddox_2018,Q2N0S5,Q2N0S5_9HIV1,0.9988372093023256,sequon_ST+2,363,S,True,19,2,17,ACDEFGHIKLMNPQRTVWY
A-glyc,Q2N0S5_9HIV1_Haddox_2018,Q2N0S5,Q2N0S5_9HIV1,0.9988372093023256,sequon_N,384,N,True,19,0,19,ACDEFGHIKLMPQRSTVWY
A-glyc,Q2N0S5_9HIV1_Haddox_2018,Q2N0S5,Q2N0S5_9HIV1,0.9988372093023256,sequon_ST+2,386,S,True,19,2,17,ACDEFGHIKLMNPQRTVWY
A-glyc,Q2N0S5_9HIV1_Haddox_2018,Q2N0S5,Q2N0S5_9HIV1,0.9988372093023256,sequon_N,390,N,True,19,0,19,ACDEFGHIKLMPQRSTVWY
A-glyc,Q2N0S5_9HIV1_Haddox_2018,Q2N0S5,Q2N0S5_9HIV1,0.9988372093023256,sequon_ST+2,392,T,True,19,2,17,ACDEFGHIKLMNPQRSVWY
A-glyc,Q2N0S5_9HIV1_Haddox_2018,Q2N0S5,Q2N0S5_9HIV1,0.9988372093023256,sequon_N,396,N,False,19,0,19,ACDEFGHIKLMPQRSTVWY
A-glyc,Q2N0S5_9HIV1_Haddox_2018,Q2N0S5,Q2N0S5_9HIV1,0.9988372093023256,sequon_ST+2,398,S,False,19,2,17,ACDEFGHIKLMNPQRTVWY
A-glyc,Q2N0S5_9HIV1_Haddox_2018,Q2N0S5,Q2N0S5_9HIV1,0.9988372093023256,sequon_N,403,N,False,19,0,19,ACDEFGHIKLMPQRSTVWY
A-glyc,Q2N0S5_9HIV1_Haddox_2018,Q2N0S5,Q2N0S5_9HIV1,0.9988372093023256,sequon_ST+2,405,T,False,19,2,17,ACDEFGHIKLMNPQRSVWY
A-glyc,Q2N0S5_9HIV1_Haddox_2018,Q2N0S5,Q2N0S5_9HIV1,0.9988372093023256,sequon_N,408,N,False,19,0,19,ACDEFGHIKLMPQRSTVWY
A-glyc,Q2N0S5_9HIV1_Haddox_2018,Q2N0S5,Q2N0S5_9HIV1,0.9988372093023256,sequon_ST+2,410,S,False,19,2,17,ACDEFGHIKLMNPQRTVWY
A-glyc,Q2N0S5_9HIV1_Haddox_2018,Q2N0S5,Q2N0S5_9HIV1,0.9988372093023256,sequon_N,445,N,True,19,0,19,ACDEFGHIKLMPQRSTVWY
A-glyc,Q2N0S5_9HIV1_Haddox_2018,Q2N0S5,Q2N0S5_9HIV1,0.9988372093023256,sequon_ST+2,447,T,True,19,2,17,ACDEFGHIKLMNPQRSVWY
A-glyc,Q2N0S5_9HIV1_Haddox_2018,Q2N0S5,Q2N0S5_9HIV1,0.9988372093023256,sequon_N,459,N,True,19,0,19,ACDEFGHIKLMPQRSTVWY
A-glyc,Q2N0S5_9HIV1_Haddox_2018,Q2N0S5,Q2N0S5_9HIV1,0.9988372093023256,sequon_ST+2,461,T,True,19,2,17,ACDEFGHIKLMNPQRSVWY
A-glyc,Q2N0S5_9HIV1_Haddox_2018,Q2N0S5,Q2N0S5_9HIV1,0.9988372093023256,sequon_N,608,N,True,19,0,19,ACDEFGHIKLMPQRSTVWY
A-glyc,Q2N0S5_9HIV1_Haddox_2018,Q2N0S5,Q2N0S5_9HIV1,0.9988372093023256,sequon_ST+2,610,S,True,19,2,17,ACDEFGHIKLMNPQRTVWY
A-glyc,Q2N0S5_9HIV1_Haddox_2018,Q2N0S5,Q2N0S5_9HIV1,0.9988372093023256,sequon_N,615,N,True,19,0,19,ACDEFGHIKLMPQRSTVWY
A-glyc,Q2N0S5_9HIV1_Haddox_2018,Q2N0S5,Q2N0S5_9HIV1,0.9988372093023256,sequon_ST+2,617,S,True,19,2,17,ACDEFGHIKLMNPQRTVWY
A-glyc,Q2N0S5_9HIV1_Haddox_2018,Q2N0S5,Q2N0S5_9HIV1,0.9988372093023256,sequon_N,622,N,False,19,0,19,ACDEFGHIKLMPQRSTVWY
A-glyc,Q2N0S5_9HIV1_Haddox_2018,Q2N0S5,Q2N0S5_9HIV1,0.9988372093023256,sequon_ST+2,624,T,False,19,2,17,ACDEFGHIKLMNPQRSVWY
A-glyc,Q2N0S5_9HIV1_Haddox_2018,Q2N0S5,Q2N0S5_9HIV1,0.9988372093023256,sequon_N,634,N,True,19,0,19,ACDEFGHIKLMPQRSTVWY
A-glyc,Q2N0S5_9HIV1_Haddox_2018,Q2N0S5,Q2N0S5_9HIV1,0.9988372093023256,sequon_ST+2,636,T,True,19,2,17,ACDEFGHIKLMNPQRSVWY
A-glyc,ENV_HV1B9_DuenasDecamp_2016,ENV,ENV_HV1B9,0.9976553341148886,sequon_N,87,N,True,0,0,0,
A-glyc,ENV_HV1B9_DuenasDecamp_2016,ENV,ENV_HV1B9,0.9976553341148886,sequon_ST+2,89,T,True,0,0,0,
A-glyc,ENV_HV1B9_DuenasDecamp_2016,ENV,ENV_HV1B9,0.9976553341148886,sequon_N,129,N,True,0,0,0,
A-glyc,ENV_HV1B9_DuenasDecamp_2016,ENV,ENV_HV1B9,0.9976553341148886,sequon_ST+2,131,T,True,0,0,0,
A-glyc,ENV_HV1B9_DuenasDecamp_2016,ENV,ENV_HV1B9,0.9976553341148886,sequon_N,134,N,True,0,0,0,
A-glyc,ENV_HV1B9_DuenasDecamp_2016,ENV,ENV_HV1B9,0.9976553341148886,sequon_ST+2,136,T,True,0,0,0,
A-glyc,ENV_HV1B9_DuenasDecamp_2016,ENV,ENV_HV1B9,0.9976553341148886,sequon_N,138,N,True,0,0,0,
A-glyc,ENV_HV1B9_DuenasDecamp_2016,ENV,ENV_HV1B9,0.9976553341148886,sequon_ST+2,140,T,True,0,0,0,
A-glyc,ENV_HV1B9_DuenasDecamp_2016,ENV,ENV_HV1B9,0.9976553341148886,sequon_N,157,N,True,0,0,0,
A-glyc,ENV_HV1B9_DuenasDecamp_2016,ENV,ENV_HV1B9,0.9976553341148886,sequon_ST+2,159,S,True,0,0,0,
A-glyc,ENV_HV1B9_DuenasDecamp_2016,ENV,ENV_HV1B9,0.9976553341148886,sequon_N,189,N,True,0,0,0,
A-glyc,ENV_HV1B9_DuenasDecamp_2016,ENV,ENV_HV1B9,0.9976553341148886,sequon_ST+2,191,T,True,0,0,0,
A-glyc,ENV_HV1B9_DuenasDecamp_2016,ENV,ENV_HV1B9,0.9976553341148886,sequon_N,199,N,True,0,0,0,
A-glyc,ENV_HV1B9_DuenasDecamp_2016,ENV,ENV_HV1B9,0.9976553341148886,sequon_ST+2,201,S,True,0,0,0,
A-glyc,ENV_HV1B9_DuenasDecamp_2016,ENV,ENV_HV1B9,0.9976553341148886,sequon_N,232,N,True,0,0,0,
A-glyc,ENV_HV1B9_DuenasDecamp_2016,ENV,ENV_HV1B9,0.9976553341148886,sequon_ST+2,234,T,True,0,0,0,
A-glyc,ENV_HV1B9_DuenasDecamp_2016,ENV,ENV_HV1B9,0.9976553341148886,sequon_N,236,N,True,0,0,0,
A-glyc,ENV_HV1B9_DuenasDecamp_2016,ENV,ENV_HV1B9,0.9976553341148886,sequon_ST+2,238,S,True,0,0,0,
A-glyc,ENV_HV1B9_DuenasDecamp_2016,ENV,ENV_HV1B9,0.9976553341148886,sequon_N,243,N,True,0,0,0,
A-glyc,ENV_HV1B9_DuenasDecamp_2016,ENV,ENV_HV1B9,0.9976553341148886,sequon_ST+2,245,S,True,0,0,0,
A-glyc,ENV_HV1B9_DuenasDecamp_2016,ENV,ENV_HV1B9,0.9976553341148886,sequon_N,264,N,True,0,0,0,
A-glyc,ENV_HV1B9_DuenasDecamp_2016,ENV,ENV_HV1B9,0.9976553341148886,sequon_ST+2,266,S,True,0,0,0,
A-glyc,ENV_HV1B9_DuenasDecamp_2016,ENV,ENV_HV1B9,0.9976553341148886,sequon_N,278,N,True,0,0,0,
A-glyc,ENV_HV1B9_DuenasDecamp_2016,ENV,ENV_HV1B9,0.9976553341148886,sequon_ST+2,280,T,True,0,0,0,
A-glyc,ENV_HV1B9_DuenasDecamp_2016,ENV,ENV_HV1B9,0.9976553341148886,sequon_N,291,N,True,0,0,0,
A-glyc,ENV_HV1B9_DuenasDecamp_2016,ENV,ENV_HV1B9,0.9976553341148886,sequon_ST+2,293,S,True,0,0,0,
A-glyc,ENV_HV1B9_DuenasDecamp_2016,ENV,ENV_HV1B9,0.9976553341148886,sequon_N,297,N,True,0,0,0,
A-glyc,ENV_HV1B9_DuenasDecamp_2016,ENV,ENV_HV1B9,0.9976553341148886,sequon_ST+2,299,T,True,0,0,0,
A-glyc,ENV_HV1B9_DuenasDecamp_2016,ENV,ENV_HV1B9,0.9976553341148886,sequon_N,303,N,True,0,0,0,
A-glyc,ENV_HV1B9_DuenasDecamp_2016,ENV,ENV_HV1B9,0.9976553341148886,sequon_ST+2,305,T,True,0,0,0,
A-glyc,ENV_HV1B9_DuenasDecamp_2016,ENV,ENV_HV1B9,0.9976553341148886,sequon_N,333,N,True,0,0,0,
A-glyc,ENV_HV1B9_DuenasDecamp_2016,ENV,ENV_HV1B9,0.9976553341148886,sequon_ST+2,335,S,True,0,0,0,
A-glyc,ENV_HV1B9_DuenasDecamp_2016,ENV,ENV_HV1B9,0.9976553341148886,sequon_N,340,N,True,0,0,0,
A-glyc,ENV_HV1B9_DuenasDecamp_2016,ENV,ENV_HV1B9,0.9976553341148886,sequon_ST+2,342,T,True,0,0,0,
A-glyc,ENV_HV1B9_DuenasDecamp_2016,ENV,ENV_HV1B9,0.9976553341148886,sequon_N,356,N,True,0,0,0,
A-glyc,ENV_HV1B9_DuenasDecamp_2016,ENV,ENV_HV1B9,0.9976553341148886,sequon_ST+2,358,T,True,0,0,0,
A-glyc,ENV_HV1B9_DuenasDecamp_2016,ENV,ENV_HV1B9,0.9976553341148886,sequon_N,392,N,True,0,0,0,
A-glyc,ENV_HV1B9_DuenasDecamp_2016,ENV,ENV_HV1B9,0.9976553341148886,sequon_ST+2,394,T,True,0,0,0,
A-glyc,ENV_HV1B9_DuenasDecamp_2016,ENV,ENV_HV1B9,0.9976553341148886,sequon_N,396,N,True,0,0,0,
A-glyc,ENV_HV1B9_DuenasDecamp_2016,ENV,ENV_HV1B9,0.9976553341148886,sequon_ST+2,398,T,True,0,0,0,
A-glyc,ENV_HV1B9_DuenasDecamp_2016,ENV,ENV_HV1B9,0.9976553341148886,sequon_N,402,N,True,0,0,0,
A-glyc,ENV_HV1B9_DuenasDecamp_2016,ENV,ENV_HV1B9,0.9976553341148886,sequon_ST+2,404,T,True,0,0,0,
A-glyc,ENV_HV1B9_DuenasDecamp_2016,ENV,ENV_HV1B9,0.9976553341148886,sequon_N,444,N,True,0,0,0,
A-glyc,ENV_HV1B9_DuenasDecamp_2016,ENV,ENV_HV1B9,0.9976553341148886,sequon_ST+2,446,T,True,0,0,0,
A-glyc,ENV_HV1B9_DuenasDecamp_2016,ENV,ENV_HV1B9,0.9976553341148886,sequon_N,456,N,True,0,0,0,
A-glyc,ENV_HV1B9_DuenasDecamp_2016,ENV,ENV_HV1B9,0.9976553341148886,sequon_ST+2,458,T,True,0,0,0,
A-glyc,ENV_HV1B9_DuenasDecamp_2016,ENV,ENV_HV1B9,0.9976553341148886,sequon_N,608,N,True,0,0,0,
A-glyc,ENV_HV1B9_DuenasDecamp_2016,ENV,ENV_HV1B9,0.9976553341148886,sequon_ST+2,610,S,True,0,0,0,
A-glyc,ENV_HV1B9_DuenasDecamp_2016,ENV,ENV_HV1B9,0.9976553341148886,sequon_N,613,N,True,0,0,0,
A-glyc,ENV_HV1B9_DuenasDecamp_2016,ENV,ENV_HV1B9,0.9976553341148886,sequon_ST+2,615,S,True,0,0,0,
A-glyc,ENV_HV1B9_DuenasDecamp_2016,ENV,ENV_HV1B9,0.9976553341148886,sequon_N,622,N,True,0,0,0,
A-glyc,ENV_HV1B9_DuenasDecamp_2016,ENV,ENV_HV1B9,0.9976553341148886,sequon_ST+2,624,T,True,0,0,0,
A-glyc,ENV_HV1B9_DuenasDecamp_2016,ENV,ENV_HV1B9,0.9976553341148886,sequon_N,634,N,True,0,0,0,
A-glyc,ENV_HV1B9_DuenasDecamp_2016,ENV,ENV_HV1B9,0.9976553341148886,sequon_ST+2,636,T,True,0,0,0,
A-glyc,ENV_HV1B9_DuenasDecamp_2016,ENV,ENV_HV1B9,0.9976553341148886,sequon_N,813,N,False,0,0,0,
A-glyc,ENV_HV1B9_DuenasDecamp_2016,ENV,ENV_HV1B9,0.9976553341148886,sequon_ST+2,815,T,False,0,0,0,
A-glyc,ENV_HV1BR_Haddox_2016,ENV,ENV_HV1BR,0.9988385598141696,sequon_N,88,N,True,19,0,19,ACDEFGHIKLMPQRSTVWY
A-glyc,ENV_HV1BR_Haddox_2016,ENV,ENV_HV1BR,0.9988385598141696,sequon_ST+2,90,T,True,19,2,17,ACDEFGHIKLMNPQRSVWY
A-glyc,ENV_HV1BR_Haddox_2016,ENV,ENV_HV1BR,0.9988385598141696,sequon_N,136,N,True,19,0,19,ACDEFGHIKLMPQRSTVWY
A-glyc,ENV_HV1BR_Haddox_2016,ENV,ENV_HV1BR,0.9988385598141696,sequon_ST+2,138,T,True,19,2,17,ACDEFGHIKLMNPQRSVWY
A-glyc,ENV_HV1BR_Haddox_2016,ENV,ENV_HV1BR,0.9988385598141696,sequon_N,141,N,True,19,0,19,ACDEFGHIKLMPQRSTVWY
A-glyc,ENV_HV1BR_Haddox_2016,ENV,ENV_HV1BR,0.9988385598141696,sequon_ST+2,143,S,True,19,2,17,ACDEFGHIKLMNPQRTVWY
A-glyc,ENV_HV1BR_Haddox_2016,ENV,ENV_HV1BR,0.9988385598141696,sequon_N,146,N,True,19,0,19,ACDEFGHIKLMPQRSTVWY
A-glyc,ENV_HV1BR_Haddox_2016,ENV,ENV_HV1BR,0.9988385598141696,sequon_ST+2,148,S,True,19,2,17,ACDEFGHIKLMNPQRTVWY
A-glyc,ENV_HV1BR_Haddox_2016,ENV,ENV_HV1BR,0.9988385598141696,sequon_N,161,N,True,19,0,19,ACDEFGHIKLMPQRSTVWY
A-glyc,ENV_HV1BR_Haddox_2016,ENV,ENV_HV1BR,0.9988385598141696,sequon_ST+2,163,S,True,19,2,17,ACDEFGHIKLMNPQRTVWY
A-glyc,ENV_HV1BR_Haddox_2016,ENV,ENV_HV1BR,0.9988385598141696,sequon_N,165,N,True,19,0,19,ACDEFGHIKLMPQRSTVWY
A-glyc,ENV_HV1BR_Haddox_2016,ENV,ENV_HV1BR,0.9988385598141696,sequon_ST+2,167,S,True,19,2,17,ACDEFGHIKLMNPQRTVWY
A-glyc,ENV_HV1BR_Haddox_2016,ENV,ENV_HV1BR,0.9988385598141696,sequon_N,191,N,True,19,0,19,ACDEFGHIKLMPQRSTVWY
A-glyc,ENV_HV1BR_Haddox_2016,ENV,ENV_HV1BR,0.9988385598141696,sequon_ST+2,193,T,True,19,2,17,ACDEFGHIKLMNPQRSVWY
A-glyc,ENV_HV1BR_Haddox_2016,ENV,ENV_HV1BR,0.9988385598141696,sequon_N,202,N,True,19,0,19,ACDEFGHIKLMPQRSTVWY
A-glyc,ENV_HV1BR_Haddox_2016,ENV,ENV_HV1BR,0.9988385598141696,sequon_ST+2,204,S,True,19,2,17,ACDEFGHIKLMNPQRTVWY
A-glyc,ENV_HV1BR_Haddox_2016,ENV,ENV_HV1BR,0.9988385598141696,sequon_N,235,N,True,19,0,19,ACDEFGHIKLMPQRSTVWY
A-glyc,ENV_HV1BR_Haddox_2016,ENV,ENV_HV1BR,0.9988385598141696,sequon_ST+2,237,T,True,19,2,17,ACDEFGHIKLMNPQRSVWY
A-glyc,ENV_HV1BR_Haddox_2016,ENV,ENV_HV1BR,0.9988385598141696,sequon_N,239,N,True,19,0,19,ACDEFGHIKLMPQRSTVWY
A-glyc,ENV_HV1BR_Haddox_2016,ENV,ENV_HV1BR,0.9988385598141696,sequon_ST+2,241,T,True,19,2,17,ACDEFGHIKLMNPQRSVWY
A-glyc,ENV_HV1BR_Haddox_2016,ENV,ENV_HV1BR,0.9988385598141696,sequon_N,246,N,True,19,0,19,ACDEFGHIKLMPQRSTVWY
A-glyc,ENV_HV1BR_Haddox_2016,ENV,ENV_HV1BR,0.9988385598141696,sequon_ST+2,248,S,True,19,2,17,ACDEFGHIKLMNPQRTVWY
A-glyc,ENV_HV1BR_Haddox_2016,ENV,ENV_HV1BR,0.9988385598141696,sequon_N,267,N,True,19,0,19,ACDEFGHIKLMPQRSTVWY
A-glyc,ENV_HV1BR_Haddox_2016,ENV,ENV_HV1BR,0.9988385598141696,sequon_ST+2,269,S,True,19,2,17,ACDEFGHIKLMNPQRTVWY
A-glyc,ENV_HV1BR_Haddox_2016,ENV,ENV_HV1BR,0.9988385598141696,sequon_N,281,N,True,19,0,19,ACDEFGHIKLMPQRSTVWY
A-glyc,ENV_HV1BR_Haddox_2016,ENV,ENV_HV1BR,0.9988385598141696,sequon_ST+2,283,T,True,19,2,17,ACDEFGHIKLMNPQRSVWY
A-glyc,ENV_HV1BR_Haddox_2016,ENV,ENV_HV1BR,0.9988385598141696,sequon_N,294,N,True,19,0,19,ACDEFGHIKLMPQRSTVWY
A-glyc,ENV_HV1BR_Haddox_2016,ENV,ENV_HV1BR,0.9988385598141696,sequon_ST+2,296,S,True,19,2,17,ACDEFGHIKLMNPQRTVWY
A-glyc,ENV_HV1BR_Haddox_2016,ENV,ENV_HV1BR,0.9988385598141696,sequon_N,300,N,True,19,0,19,ACDEFGHIKLMPQRSTVWY
A-glyc,ENV_HV1BR_Haddox_2016,ENV,ENV_HV1BR,0.9988385598141696,sequon_ST+2,302,T,True,19,2,17,ACDEFGHIKLMNPQRSVWY
A-glyc,ENV_HV1BR_Haddox_2016,ENV,ENV_HV1BR,0.9988385598141696,sequon_N,306,N,True,19,0,19,ACDEFGHIKLMPQRSTVWY
A-glyc,ENV_HV1BR_Haddox_2016,ENV,ENV_HV1BR,0.9988385598141696,sequon_ST+2,308,T,True,19,2,17,ACDEFGHIKLMNPQRSVWY
A-glyc,ENV_HV1BR_Haddox_2016,ENV,ENV_HV1BR,0.9988385598141696,sequon_N,337,N,True,19,0,19,ACDEFGHIKLMPQRSTVWY
A-glyc,ENV_HV1BR_Haddox_2016,ENV,ENV_HV1BR,0.9988385598141696,sequon_ST+2,339,S,True,19,2,17,ACDEFGHIKLMNPQRTVWY
A-glyc,ENV_HV1BR_Haddox_2016,ENV,ENV_HV1BR,0.9988385598141696,sequon_N,344,N,True,19,0,19,ACDEFGHIKLMPQRSTVWY
A-glyc,ENV_HV1BR_Haddox_2016,ENV,ENV_HV1BR,0.9988385598141696,sequon_ST+2,346,T,True,19,2,17,ACDEFGHIKLMNPQRSVWY
A-glyc,ENV_HV1BR_Haddox_2016,ENV,ENV_HV1BR,0.9988385598141696,sequon_N,361,N,True,19,0,19,ACDEFGHIKLMPQRSTVWY
A-glyc,ENV_HV1BR_Haddox_2016,ENV,ENV_HV1BR,0.9988385598141696,sequon_ST+2,363,T,True,19,2,17,ACDEFGHIKLMNPQRSVWY
A-glyc,ENV_HV1BR_Haddox_2016,ENV,ENV_HV1BR,0.9988385598141696,sequon_N,391,N,True,19,0,19,ACDEFGHIKLMPQRSTVWY
A-glyc,ENV_HV1BR_Haddox_2016,ENV,ENV_HV1BR,0.9988385598141696,sequon_ST+2,393,T,True,19,2,17,ACDEFGHIKLMNPQRSVWY
A-glyc,ENV_HV1BR_Haddox_2016,ENV,ENV_HV1BR,0.9988385598141696,sequon_N,397,N,True,19,0,19,ACDEFGHIKLMPQRSTVWY
A-glyc,ENV_HV1BR_Haddox_2016,ENV,ENV_HV1BR,0.9988385598141696,sequon_ST+2,399,T,True,19,2,17,ACDEFGHIKLMNPQRSVWY
A-glyc,ENV_HV1BR_Haddox_2016,ENV,ENV_HV1BR,0.9988385598141696,sequon_N,402,N,True,19,0,19,ACDEFGHIKLMPQRSTVWY
A-glyc,ENV_HV1BR_Haddox_2016,ENV,ENV_HV1BR,0.9988385598141696,sequon_ST+2,404,T,True,19,2,17,ACDEFGHIKLMNPQRSVWY
A-glyc,ENV_HV1BR_Haddox_2016,ENV,ENV_HV1BR,0.9988385598141696,sequon_N,411,N,True,19,0,19,ACDEFGHIKLMPQRSTVWY
A-glyc,ENV_HV1BR_Haddox_2016,ENV,ENV_HV1BR,0.9988385598141696,sequon_ST+2,413,T,True,19,2,17,ACDEFGHIKLMNPQRSVWY
A-glyc,ENV_HV1BR_Haddox_2016,ENV,ENV_HV1BR,0.9988385598141696,sequon_N,453,N,True,19,0,19,ACDEFGHIKLMPQRSTVWY
A-glyc,ENV_HV1BR_Haddox_2016,ENV,ENV_HV1BR,0.9988385598141696,sequon_ST+2,455,T,True,19,2,17,ACDEFGHIKLMNPQRSVWY
A-glyc,ENV_HV1BR_Haddox_2016,ENV,ENV_HV1BR,0.9988385598141696,sequon_N,468,N,True,19,0,19,ACDEFGHIKLMPQRSTVWY
A-glyc,ENV_HV1BR_Haddox_2016,ENV,ENV_HV1BR,0.9988385598141696,sequon_ST+2,470,S,True,19,2,17,ACDEFGHIKLMNPQRTVWY
A-glyc,ENV_HV1BR_Haddox_2016,ENV,ENV_HV1BR,0.9988385598141696,sequon_N,616,N,True,19,0,19,ACDEFGHIKLMPQRSTVWY
A-glyc,ENV_HV1BR_Haddox_2016,ENV,ENV_HV1BR,0.9988385598141696,sequon_ST+2,618,S,True,19,2,17,ACDEFGHIKLMNPQRTVWY
A-glyc,ENV_HV1BR_Haddox_2016,ENV,ENV_HV1BR,0.9988385598141696,sequon_N,621,N,True,19,0,19,ACDEFGHIKLMPQRSTVWY
A-glyc,ENV_HV1BR_Haddox_2016,ENV,ENV_HV1BR,0.9988385598141696,sequon_ST+2,623,S,True,19,2,17,ACDEFGHIKLMNPQRTVWY
A-glyc,ENV_HV1BR_Haddox_2016,ENV,ENV_HV1BR,0.9988385598141696,sequon_N,630,N,True,19,0,19,ACDEFGHIKLMPQRSTVWY
A-glyc,ENV_HV1BR_Haddox_2016,ENV,ENV_HV1BR,0.9988385598141696,sequon_ST+2,632,T,True,19,2,17,ACDEFGHIKLMNPQRSVWY
A-glyc,ENV_HV1BR_Haddox_2016,ENV,ENV_HV1BR,0.9988385598141696,sequon_N,642,N,True,19,0,19,ACDEFGHIKLMPQRSTVWY
A-glyc,ENV_HV1BR_Haddox_2016,ENV,ENV_HV1BR,0.9988385598141696,sequon_ST+2,644,T,True,19,2,17,ACDEFGHIKLMNPQRSVWY
A-glyc,ENV_HV1BR_Haddox_2016,ENV,ENV_HV1BR,0.9988385598141696,sequon_N,679,N,True,19,0,19,ACDEFGHIKLMPQRSTVWY
A-glyc,ENV_HV1BR_Haddox_2016,ENV,ENV_HV1BR,0.9988385598141696,sequon_ST+2,681,T,True,19,2,17,ACDEFGHIKLMNPQRSVWY
A-glyc,ENV_HV1BR_Haddox_2016,ENV,ENV_HV1BR,0.9988385598141696,sequon_N,755,N,False,0,0,0,
A-glyc,ENV_HV1BR_Haddox_2016,ENV,ENV_HV1BR,0.9988385598141696,sequon_ST+2,757,S,False,0,0,0,
A-glyc,ENV_HV1BR_Haddox_2016,ENV,ENV_HV1BR,0.9988385598141696,sequon_N,821,N,False,0,0,0,
A-glyc,ENV_HV1BR_Haddox_2016,ENV,ENV_HV1BR,0.9988385598141696,sequon_ST+2,823,T,False,0,0,0,
A-glyc,A0A2Z5U3Z0_9INFA_Doud_2016,A0A2Z5U3Z0,A0A2Z5U3Z0_9INFA,,sequon_N,27,N,False,19,0,19,ACDEFGHIKLMPQRSTVWY
A-glyc,A0A2Z5U3Z0_9INFA_Doud_2016,A0A2Z5U3Z0,A0A2Z5U3Z0_9INFA,,sequon_ST+2,29,S,False,19,2,17,ACDEFGHIKLMNPQRTVWY
A-glyc,A0A2Z5U3Z0_9INFA_Doud_2016,A0A2Z5U3Z0,A0A2Z5U3Z0_9INFA,,sequon_N,73,N,False,19,0,19,ACDEFGHIKLMPQRSTVWY
A-glyc,A0A2Z5U3Z0_9INFA_Doud_2016,A0A2Z5U3Z0,A0A2Z5U3Z0_9INFA,,sequon_ST+2,75,T,False,19,2,17,ACDEFGHIKLMNPQRSVWY
A-glyc,A0A2Z5U3Z0_9INFA_Doud_2016,A0A2Z5U3Z0,A0A2Z5U3Z0_9INFA,,sequon_N,142,N,False,19,0,19,ACDEFGHIKLMPQRSTVWY
A-glyc,A0A2Z5U3Z0_9INFA_Doud_2016,A0A2Z5U3Z0,A0A2Z5U3Z0_9INFA,,sequon_ST+2,144,T,False,19,2,17,ACDEFGHIKLMNPQRSVWY
A-glyc,A0A2Z5U3Z0_9INFA_Doud_2016,A0A2Z5U3Z0,A0A2Z5U3Z0_9INFA,,sequon_N,285,N,False,19,0,19,ACDEFGHIKLMPQRSTVWY
A-glyc,A0A2Z5U3Z0_9INFA_Doud_2016,A0A2Z5U3Z0,A0A2Z5U3Z0_9INFA,,sequon_ST+2,287,S,False,19,2,17,ACDEFGHIKLMNPQRTVWY
A-glyc,A0A2Z5U3Z0_9INFA_Doud_2016,A0A2Z5U3Z0,A0A2Z5U3Z0_9INFA,,sequon_N,497,N,False,19,0,19,ACDEFGHIKLMPQRSTVWY
A-glyc,A0A2Z5U3Z0_9INFA_Doud_2016,A0A2Z5U3Z0,A0A2Z5U3Z0_9INFA,,sequon_ST+2,499,T,False,19,2,17,ACDEFGHIKLMNPQRSVWY
A-glyc,A0A2Z5U3Z0_9INFA_Doud_2016,A0A2Z5U3Z0,A0A2Z5U3Z0_9INFA,,sequon_N,556,N,False,19,0,19,ACDEFGHIKLMPQRSTVWY
A-glyc,A0A2Z5U3Z0_9INFA_Doud_2016,A0A2Z5U3Z0,A0A2Z5U3Z0_9INFA,,sequon_ST+2,558,S,False,19,2,17,ACDEFGHIKLMNPQRTVWY
A-glyc,A0A2Z5U3Z0_9INFA_Wu_2014,A0A2Z5U3Z0,A0A2Z5U3Z0_9INFA,,sequon_N,27,N,False,5,0,5,DIKSY
A-glyc,A0A2Z5U3Z0_9INFA_Wu_2014,A0A2Z5U3Z0,A0A2Z5U3Z0_9INFA,,sequon_ST+2,29,S,False,3,1,2,LPT
A-glyc,A0A2Z5U3Z0_9INFA_Wu_2014,A0A2Z5U3Z0,A0A2Z5U3Z0_9INFA,,sequon_N,73,N,False,6,0,6,DIKSTY
A-glyc,A0A2Z5U3Z0_9INFA_Wu_2014,A0A2Z5U3Z0,A0A2Z5U3Z0_9INFA,,sequon_ST+2,75,T,False,4,1,3,AIPS
A-glyc,A0A2Z5U3Z0_9INFA_Wu_2014,A0A2Z5U3Z0,A0A2Z5U3Z0_9INFA,,sequon_N,142,N,False,7,0,7,DHIKSTY
A-glyc,A0A2Z5U3Z0_9INFA_Wu_2014,A0A2Z5U3Z0,A0A2Z5U3Z0_9INFA,,sequon_ST+2,144,T,False,4,1,3,AIRS
A-glyc,A0A2Z5U3Z0_9INFA_Wu_2014,A0A2Z5U3Z0,A0A2Z5U3Z0_9INFA,,sequon_N,285,N,False,7,0,7,DHIKSTY
A-glyc,A0A2Z5U3Z0_9INFA_Wu_2014,A0A2Z5U3Z0,A0A2Z5U3Z0_9INFA,,sequon_ST+2,287,S,False,3,1,2,LPT
A-glyc,A0A2Z5U3Z0_9INFA_Wu_2014,A0A2Z5U3Z0,A0A2Z5U3Z0_9INFA,,sequon_N,497,N,False,6,0,6,DIKSTY
A-glyc,A0A2Z5U3Z0_9INFA_Wu_2014,A0A2Z5U3Z0,A0A2Z5U3Z0_9INFA,,sequon_ST+2,499,T,False,3,1,2,AIS
A-glyc,A0A2Z5U3Z0_9INFA_Wu_2014,A0A2Z5U3Z0,A0A2Z5U3Z0_9INFA,,sequon_N,556,N,False,5,0,5,DIKSY
A-glyc,A0A2Z5U3Z0_9INFA_Wu_2014,A0A2Z5U3Z0,A0A2Z5U3Z0_9INFA,,sequon_ST+2,558,S,False,4,1,3,AFPT
A-glyc,C6KNH7_9INFA_Lee_2018,C6KNH7,C6KNH7_9INFA,0.9946996466431095,sequon_N,24,N,False,19,0,19,ACDEFGHIKLMPQRSTVWY
A-glyc,C6KNH7_9INFA_Lee_2018,C6KNH7,C6KNH7_9INFA,0.9946996466431095,sequon_ST+2,26,T,False,19,2,17,ACDEFGHIKLMNPQRSVWY
A-glyc,C6KNH7_9INFA_Lee_2018,C6KNH7,C6KNH7_9INFA,0.9946996466431095,sequon_N,38,N,True,19,0,19,ACDEFGHIKLMPQRSTVWY
A-glyc,C6KNH7_9INFA_Lee_2018,C6KNH7,C6KNH7_9INFA,0.9946996466431095,sequon_ST+2,40,T,True,19,2,17,ACDEFGHIKLMNPQRSVWY
A-glyc,C6KNH7_9INFA_Lee_2018,C6KNH7,C6KNH7_9INFA,0.9946996466431095,sequon_N,54,N,True,19,0,19,ACDEFGHIKLMPQRSTVWY
A-glyc,C6KNH7_9INFA_Lee_2018,C6KNH7,C6KNH7_9INFA,0.9946996466431095,sequon_ST+2,56,T,True,19,2,17,ACDEFGHIKLMNPQRSVWY
A-glyc,C6KNH7_9INFA_Lee_2018,C6KNH7,C6KNH7_9INFA,0.9946996466431095,sequon_N,79,N,True,19,0,19,ACDEFGHIKLMPQRSTVWY
A-glyc,C6KNH7_9INFA_Lee_2018,C6KNH7,C6KNH7_9INFA,0.9946996466431095,sequon_ST+2,81,T,True,19,2,17,ACDEFGHIKLMNPQRSVWY
A-glyc,C6KNH7_9INFA_Lee_2018,C6KNH7,C6KNH7_9INFA,0.9946996466431095,sequon_N,138,N,False,19,0,19,ACDEFGHIKLMPQRSTVWY
A-glyc,C6KNH7_9INFA_Lee_2018,C6KNH7,C6KNH7_9INFA,0.9946996466431095,sequon_ST+2,140,S,False,19,2,17,ACDEFGHIKLMNPQRTVWY
A-glyc,C6KNH7_9INFA_Lee_2018,C6KNH7,C6KNH7_9INFA,0.9946996466431095,sequon_N,142,N,True,19,0,19,ACDEFGHIKLMPQRSTVWY
A-glyc,C6KNH7_9INFA_Lee_2018,C6KNH7,C6KNH7_9INFA,0.9946996466431095,sequon_ST+2,144,T,True,19,2,17,ACDEFGHIKLMNPQRSVWY
A-glyc,C6KNH7_9INFA_Lee_2018,C6KNH7,C6KNH7_9INFA,0.9946996466431095,sequon_N,149,N,True,19,0,19,ACDEFGHIKLMPQRSTVWY
A-glyc,C6KNH7_9INFA_Lee_2018,C6KNH7,C6KNH7_9INFA,0.9946996466431095,sequon_ST+2,151,T,True,19,2,17,ACDEFGHIKLMNPQRSVWY
A-glyc,C6KNH7_9INFA_Lee_2018,C6KNH7,C6KNH7_9INFA,0.9946996466431095,sequon_N,181,N,False,19,0,19,ACDEFGHIKLMPQRSTVWY
A-glyc,C6KNH7_9INFA_Lee_2018,C6KNH7,C6KNH7_9INFA,0.9946996466431095,sequon_ST+2,183,T,False,19,2,17,ACDEFGHIKLMNPQRSVWY
A-glyc,C6KNH7_9INFA_Lee_2018,C6KNH7,C6KNH7_9INFA,0.9946996466431095,sequon_N,262,N,True,19,0,19,ACDEFGHIKLMPQRSTVWY
A-glyc,C6KNH7_9INFA_Lee_2018,C6KNH7,C6KNH7_9INFA,0.9946996466431095,sequon_ST+2,264,T,True,19,2,17,ACDEFGHIKLMNPQRSVWY
A-glyc,C6KNH7_9INFA_Lee_2018,C6KNH7,C6KNH7_9INFA,0.9946996466431095,sequon_N,301,N,True,19,0,19,ACDEFGHIKLMPQRSTVWY
A-glyc,C6KNH7_9INFA_Lee_2018,C6KNH7,C6KNH7_9INFA,0.9946996466431095,sequon_ST+2,303,S,True,19,2,17,ACDEFGHIKLMNPQRTVWY
A-glyc,C6KNH7_9INFA_Lee_2018,C6KNH7,C6KNH7_9INFA,0.9946996466431095,sequon_N,499,N,True,19,0,19,ACDEFGHIKLMPQRSTVWY
A-glyc,C6KNH7_9INFA_Lee_2018,C6KNH7,C6KNH7_9INFA,0.9946996466431095,sequon_ST+2,501,T,True,19,2,17,ACDEFGHIKLMNPQRSVWY
A-glyc,SPIKE_SARS2_Starr_2020_binding,SPIKE,SPIKE_SARS2,1.0,sequon_N,17,N,True,0,0,0,
A-glyc,SPIKE_SARS2_Starr_2020_binding,SPIKE,SPIKE_SARS2,1.0,sequon_ST+2,19,T,True,0,0,0,
A-glyc,SPIKE_SARS2_Starr_2020_binding,SPIKE,SPIKE_SARS2,1.0,sequon_N,61,N,True,0,0,0,
A-glyc,SPIKE_SARS2_Starr_2020_binding,SPIKE,SPIKE_SARS2,1.0,sequon_ST+2,63,T,True,0,0,0,
A-glyc,SPIKE_SARS2_Starr_2020_binding,SPIKE,SPIKE_SARS2,1.0,sequon_N,74,N,True,0,0,0,
A-glyc,SPIKE_SARS2_Starr_2020_binding,SPIKE,SPIKE_SARS2,1.0,sequon_ST+2,76,T,True,0,0,0,
A-glyc,SPIKE_SARS2_Starr_2020_binding,SPIKE,SPIKE_SARS2,1.0,sequon_N,122,N,True,0,0,0,
A-glyc,SPIKE_SARS2_Starr_2020_binding,SPIKE,SPIKE_SARS2,1.0,sequon_ST+2,124,T,True,0,0,0,
A-glyc,SPIKE_SARS2_Starr_2020_binding,SPIKE,SPIKE_SARS2,1.0,sequon_N,149,N,True,0,0,0,
A-glyc,SPIKE_SARS2_Starr_2020_binding,SPIKE,SPIKE_SARS2,1.0,sequon_ST+2,151,S,True,0,0,0,
A-glyc,SPIKE_SARS2_Starr_2020_binding,SPIKE,SPIKE_SARS2,1.0,sequon_N,165,N,True,0,0,0,
A-glyc,SPIKE_SARS2_Starr_2020_binding,SPIKE,SPIKE_SARS2,1.0,sequon_ST+2,167,T,True,0,0,0,
A-glyc,SPIKE_SARS2_Starr_2020_binding,SPIKE,SPIKE_SARS2,1.0,sequon_N,234,N,True,0,0,0,
A-glyc,SPIKE_SARS2_Starr_2020_binding,SPIKE,SPIKE_SARS2,1.0,sequon_ST+2,236,T,True,0,0,0,
A-glyc,SPIKE_SARS2_Starr_2020_binding,SPIKE,SPIKE_SARS2,1.0,sequon_N,282,N,True,0,0,0,
A-glyc,SPIKE_SARS2_Starr_2020_binding,SPIKE,SPIKE_SARS2,1.0,sequon_ST+2,284,T,True,0,0,0,
A-glyc,SPIKE_SARS2_Starr_2020_binding,SPIKE,SPIKE_SARS2,1.0,sequon_N,331,N,True,19,0,19,ACDEFGHIKLMPQRSTVWY
A-glyc,SPIKE_SARS2_Starr_2020_binding,SPIKE,SPIKE_SARS2,1.0,sequon_ST+2,333,T,True,19,2,17,ACDEFGHIKLMNPQRSVWY
A-glyc,SPIKE_SARS2_Starr_2020_binding,SPIKE,SPIKE_SARS2,1.0,sequon_N,343,N,True,19,0,19,ACDEFGHIKLMPQRSTVWY
A-glyc,SPIKE_SARS2_Starr_2020_binding,SPIKE,SPIKE_SARS2,1.0,sequon_ST+2,345,T,True,19,2,17,ACDEFGHIKLMNPQRSVWY
A-glyc,SPIKE_SARS2_Starr_2020_binding,SPIKE,SPIKE_SARS2,1.0,sequon_N,603,N,True,0,0,0,
A-glyc,SPIKE_SARS2_Starr_2020_binding,SPIKE,SPIKE_SARS2,1.0,sequon_ST+2,605,S,True,0,0,0,
A-glyc,SPIKE_SARS2_Starr_2020_binding,SPIKE,SPIKE_SARS2,1.0,sequon_N,616,N,True,0,0,0,
A-glyc,SPIKE_SARS2_Starr_2020_binding,SPIKE,SPIKE_SARS2,1.0,sequon_ST+2,618,T,True,0,0,0,
A-glyc,SPIKE_SARS2_Starr_2020_binding,SPIKE,SPIKE_SARS2,1.0,sequon_N,657,N,True,0,0,0,
A-glyc,SPIKE_SARS2_Starr_2020_binding,SPIKE,SPIKE_SARS2,1.0,sequon_ST+2,659,S,True,0,0,0,
A-glyc,SPIKE_SARS2_Starr_2020_binding,SPIKE,SPIKE_SARS2,1.0,sequon_N,709,N,True,0,0,0,
A-glyc,SPIKE_SARS2_Starr_2020_binding,SPIKE,SPIKE_SARS2,1.0,sequon_ST+2,711,S,True,0,0,0,
A-glyc,SPIKE_SARS2_Starr_2020_binding,SPIKE,SPIKE_SARS2,1.0,sequon_N,717,N,True,0,0,0,
A-glyc,SPIKE_SARS2_Starr_2020_binding,SPIKE,SPIKE_SARS2,1.0,sequon_ST+2,719,T,True,0,0,0,
A-glyc,SPIKE_SARS2_Starr_2020_binding,SPIKE,SPIKE_SARS2,1.0,sequon_N,801,N,True,0,0,0,
A-glyc,SPIKE_SARS2_Starr_2020_binding,SPIKE,SPIKE_SARS2,1.0,sequon_ST+2,803,S,True,0,0,0,
A-glyc,SPIKE_SARS2_Starr_2020_binding,SPIKE,SPIKE_SARS2,1.0,sequon_N,1074,N,True,0,0,0,
A-glyc,SPIKE_SARS2_Starr_2020_binding,SPIKE,SPIKE_SARS2,1.0,sequon_ST+2,1076,T,True,0,0,0,
A-glyc,SPIKE_SARS2_Starr_2020_binding,SPIKE,SPIKE_SARS2,1.0,sequon_N,1098,N,True,0,0,0,
A-glyc,SPIKE_SARS2_Starr_2020_binding,SPIKE,SPIKE_SARS2,1.0,sequon_ST+2,1100,T,True,0,0,0,
A-glyc,SPIKE_SARS2_Starr_2020_binding,SPIKE,SPIKE_SARS2,1.0,sequon_N,1134,N,True,0,0,0,
A-glyc,SPIKE_SARS2_Starr_2020_binding,SPIKE,SPIKE_SARS2,1.0,sequon_ST+2,1136,T,True,0,0,0,
A-glyc,SPIKE_SARS2_Starr_2020_binding,SPIKE,SPIKE_SARS2,1.0,sequon_N,1158,N,True,0,0,0,
A-glyc,SPIKE_SARS2_Starr_2020_binding,SPIKE,SPIKE_SARS2,1.0,sequon_ST+2,1160,T,True,0,0,0,
A-glyc,SPIKE_SARS2_Starr_2020_binding,SPIKE,SPIKE_SARS2,1.0,sequon_N,1173,N,True,0,0,0,
A-glyc,SPIKE_SARS2_Starr_2020_binding,SPIKE,SPIKE_SARS2,1.0,sequon_ST+2,1175,S,True,0,0,0,
A-glyc,SPIKE_SARS2_Starr_2020_binding,SPIKE,SPIKE_SARS2,1.0,sequon_N,1194,N,True,0,0,0,
A-glyc,SPIKE_SARS2_Starr_2020_binding,SPIKE,SPIKE_SARS2,1.0,sequon_ST+2,1196,S,True,0,0,0,
A-glyc,SPIKE_SARS2_Starr_2020_expression,SPIKE,SPIKE_SARS2,1.0,sequon_N,17,N,True,0,0,0,
A-glyc,SPIKE_SARS2_Starr_2020_expression,SPIKE,SPIKE_SARS2,1.0,sequon_ST+2,19,T,True,0,0,0,
A-glyc,SPIKE_SARS2_Starr_2020_expression,SPIKE,SPIKE_SARS2,1.0,sequon_N,61,N,True,0,0,0,
A-glyc,SPIKE_SARS2_Starr_2020_expression,SPIKE,SPIKE_SARS2,1.0,sequon_ST+2,63,T,True,0,0,0,
A-glyc,SPIKE_SARS2_Starr_2020_expression,SPIKE,SPIKE_SARS2,1.0,sequon_N,74,N,True,0,0,0,
A-glyc,SPIKE_SARS2_Starr_2020_expression,SPIKE,SPIKE_SARS2,1.0,sequon_ST+2,76,T,True,0,0,0,
A-glyc,SPIKE_SARS2_Starr_2020_expression,SPIKE,SPIKE_SARS2,1.0,sequon_N,122,N,True,0,0,0,
A-glyc,SPIKE_SARS2_Starr_2020_expression,SPIKE,SPIKE_SARS2,1.0,sequon_ST+2,124,T,True,0,0,0,
A-glyc,SPIKE_SARS2_Starr_2020_expression,SPIKE,SPIKE_SARS2,1.0,sequon_N,149,N,True,0,0,0,
A-glyc,SPIKE_SARS2_Starr_2020_expression,SPIKE,SPIKE_SARS2,1.0,sequon_ST+2,151,S,True,0,0,0,
A-glyc,SPIKE_SARS2_Starr_2020_expression,SPIKE,SPIKE_SARS2,1.0,sequon_N,165,N,True,0,0,0,
A-glyc,SPIKE_SARS2_Starr_2020_expression,SPIKE,SPIKE_SARS2,1.0,sequon_ST+2,167,T,True,0,0,0,
A-glyc,SPIKE_SARS2_Starr_2020_expression,SPIKE,SPIKE_SARS2,1.0,sequon_N,234,N,True,0,0,0,
A-glyc,SPIKE_SARS2_Starr_2020_expression,SPIKE,SPIKE_SARS2,1.0,sequon_ST+2,236,T,True,0,0,0,
A-glyc,SPIKE_SARS2_Starr_2020_expression,SPIKE,SPIKE_SARS2,1.0,sequon_N,282,N,True,0,0,0,
A-glyc,SPIKE_SARS2_Starr_2020_expression,SPIKE,SPIKE_SARS2,1.0,sequon_ST+2,284,T,True,0,0,0,
A-glyc,SPIKE_SARS2_Starr_2020_expression,SPIKE,SPIKE_SARS2,1.0,sequon_N,331,N,True,19,0,19,ACDEFGHIKLMPQRSTVWY
A-glyc,SPIKE_SARS2_Starr_2020_expression,SPIKE,SPIKE_SARS2,1.0,sequon_ST+2,333,T,True,19,2,17,ACDEFGHIKLMNPQRSVWY
A-glyc,SPIKE_SARS2_Starr_2020_expression,SPIKE,SPIKE_SARS2,1.0,sequon_N,343,N,True,19,0,19,ACDEFGHIKLMPQRSTVWY
A-glyc,SPIKE_SARS2_Starr_2020_expression,SPIKE,SPIKE_SARS2,1.0,sequon_ST+2,345,T,True,19,2,17,ACDEFGHIKLMNPQRSVWY
A-glyc,SPIKE_SARS2_Starr_2020_expression,SPIKE,SPIKE_SARS2,1.0,sequon_N,603,N,True,0,0,0,
A-glyc,SPIKE_SARS2_Starr_2020_expression,SPIKE,SPIKE_SARS2,1.0,sequon_ST+2,605,S,True,0,0,0,
A-glyc,SPIKE_SARS2_Starr_2020_expression,SPIKE,SPIKE_SARS2,1.0,sequon_N,616,N,True,0,0,0,
A-glyc,SPIKE_SARS2_Starr_2020_expression,SPIKE,SPIKE_SARS2,1.0,sequon_ST+2,618,T,True,0,0,0,
A-glyc,SPIKE_SARS2_Starr_2020_expression,SPIKE,SPIKE_SARS2,1.0,sequon_N,657,N,True,0,0,0,
A-glyc,SPIKE_SARS2_Starr_2020_expression,SPIKE,SPIKE_SARS2,1.0,sequon_ST+2,659,S,True,0,0,0,
A-glyc,SPIKE_SARS2_Starr_2020_expression,SPIKE,SPIKE_SARS2,1.0,sequon_N,709,N,True,0,0,0,
A-glyc,SPIKE_SARS2_Starr_2020_expression,SPIKE,SPIKE_SARS2,1.0,sequon_ST+2,711,S,True,0,0,0,
A-glyc,SPIKE_SARS2_Starr_2020_expression,SPIKE,SPIKE_SARS2,1.0,sequon_N,717,N,True,0,0,0,
A-glyc,SPIKE_SARS2_Starr_2020_expression,SPIKE,SPIKE_SARS2,1.0,sequon_ST+2,719,T,True,0,0,0,
A-glyc,SPIKE_SARS2_Starr_2020_expression,SPIKE,SPIKE_SARS2,1.0,sequon_N,801,N,True,0,0,0,
A-glyc,SPIKE_SARS2_Starr_2020_expression,SPIKE,SPIKE_SARS2,1.0,sequon_ST+2,803,S,True,0,0,0,
A-glyc,SPIKE_SARS2_Starr_2020_expression,SPIKE,SPIKE_SARS2,1.0,sequon_N,1074,N,True,0,0,0,
A-glyc,SPIKE_SARS2_Starr_2020_expression,SPIKE,SPIKE_SARS2,1.0,sequon_ST+2,1076,T,True,0,0,0,
A-glyc,SPIKE_SARS2_Starr_2020_expression,SPIKE,SPIKE_SARS2,1.0,sequon_N,1098,N,True,0,0,0,
A-glyc,SPIKE_SARS2_Starr_2020_expression,SPIKE,SPIKE_SARS2,1.0,sequon_ST+2,1100,T,True,0,0,0,
A-glyc,SPIKE_SARS2_Starr_2020_expression,SPIKE,SPIKE_SARS2,1.0,sequon_N,1134,N,True,0,0,0,
A-glyc,SPIKE_SARS2_Starr_2020_expression,SPIKE,SPIKE_SARS2,1.0,sequon_ST+2,1136,T,True,0,0,0,
A-glyc,SPIKE_SARS2_Starr_2020_expression,SPIKE,SPIKE_SARS2,1.0,sequon_N,1158,N,True,0,0,0,
A-glyc,SPIKE_SARS2_Starr_2020_expression,SPIKE,SPIKE_SARS2,1.0,sequon_ST+2,1160,T,True,0,0,0,
A-glyc,SPIKE_SARS2_Starr_2020_expression,SPIKE,SPIKE_SARS2,1.0,sequon_N,1173,N,True,0,0,0,
A-glyc,SPIKE_SARS2_Starr_2020_expression,SPIKE,SPIKE_SARS2,1.0,sequon_ST+2,1175,S,True,0,0,0,
A-glyc,SPIKE_SARS2_Starr_2020_expression,SPIKE,SPIKE_SARS2,1.0,sequon_N,1194,N,True,0,0,0,
A-glyc,SPIKE_SARS2_Starr_2020_expression,SPIKE,SPIKE_SARS2,1.0,sequon_ST+2,1196,S,True,0,0,0,
A-glyc,ACE2_HUMAN_Chan_2020,ACE2,ACE2_HUMAN,1.0,sequon_N,53,N,True,0,0,0,
A-glyc,ACE2_HUMAN_Chan_2020,ACE2,ACE2_HUMAN,1.0,sequon_ST+2,55,T,True,0,0,0,
A-glyc,ACE2_HUMAN_Chan_2020,ACE2,ACE2_HUMAN,1.0,sequon_N,90,N,True,19,0,19,ACDEFGHIKLMPQRSTVWY
A-glyc,ACE2_HUMAN_Chan_2020,ACE2,ACE2_HUMAN,1.0,sequon_ST+2,92,T,True,19,2,17,ACDEFGHIKLMNPQRSVWY
A-glyc,ACE2_HUMAN_Chan_2020,ACE2,ACE2_HUMAN,1.0,sequon_N,103,N,True,0,0,0,
A-glyc,ACE2_HUMAN_Chan_2020,ACE2,ACE2_HUMAN,1.0,sequon_ST+2,105,S,True,0,0,0,
A-glyc,ACE2_HUMAN_Chan_2020,ACE2,ACE2_HUMAN,1.0,sequon_N,322,N,True,0,0,0,
A-glyc,ACE2_HUMAN_Chan_2020,ACE2,ACE2_HUMAN,1.0,sequon_ST+2,324,T,True,19,2,17,ACDEFGHIKLMNPQRSVWY
A-glyc,ACE2_HUMAN_Chan_2020,ACE2,ACE2_HUMAN,1.0,sequon_N,432,N,True,0,0,0,
A-glyc,ACE2_HUMAN_Chan_2020,ACE2,ACE2_HUMAN,1.0,sequon_ST+2,434,T,True,0,0,0,
A-glyc,ACE2_HUMAN_Chan_2020,ACE2,ACE2_HUMAN,1.0,sequon_N,546,N,True,0,0,0,
A-glyc,ACE2_HUMAN_Chan_2020,ACE2,ACE2_HUMAN,1.0,sequon_ST+2,548,T,True,0,0,0,
A-glyc,ACE2_HUMAN_Chan_2020,ACE2,ACE2_HUMAN,1.0,sequon_N,690,N,True,0,0,0,
A-glyc,ACE2_HUMAN_Chan_2020,ACE2,ACE2_HUMAN,1.0,sequon_ST+2,692,S,True,0,0,0,
