track,DMS_id,protein,uniprot,aln_ident,u_pos,t_pos,wt,ptm,mapped,wt_is_STY,n_dms_subs,n_compatible,n_incompatible,muts
A-phospho,SRC_HUMAN_Ahler_2019,SRC,SRC_HUMAN,1.0,17,17.0,S,Phosphoserine,True,True,0,0,0,
A-phospho,SRC_HUMAN_Ahler_2019,SRC,SRC_HUMAN,1.0,75,75.0,S,Phosphoserine,True,True,0,0,0,
A-phospho,SRC_HUMAN_Ahler_2019,SRC,SRC_HUMAN,1.0,187,187.0,Y,Phosphotyrosine,True,True,0,0,0,
A-phospho,SRC_HUMAN_Ahler_2019,SRC,SRC_HUMAN,1.0,419,419.0,Y,Phosphotyrosine,True,True,18,0,18,ACDEFGHIKLMNPRSTVW
A-phospho,SRC_HUMAN_Ahler_2019,SRC,SRC_HUMAN,1.0,419,419.0,Y,Phosphotyrosine,True,True,18,0,18,ACDEFGHIKLMNPRSTVW
A-phospho,SRC_HUMAN_Ahler_2019,SRC,SRC_HUMAN,1.0,530,530.0,Y,Phosphotyrosine,True,True,0,0,0,
A-phospho,SRC_HUMAN_Chakraborty_2023_binding-DAS_25uM,SRC,SRC_HUMAN,1.0,17,17.0,S,Phosphoserine,True,True,0,0,0,
A-phospho,SRC_HUMAN_Chakraborty_2023_binding-DAS_25uM,SRC,SRC_HUMAN,1.0,75,75.0,S,Phosphoserine,True,True,0,0,0,
A-phospho,SRC_HUMAN_Chakraborty_2023_binding-DAS_25uM,SRC,SRC_HUMAN,1.0,187,187.0,Y,Phosphotyrosine,True,True,0,0,0,
A-phospho,SRC_HUMAN_Chakraborty_2023_binding-DAS_25uM,SRC,SRC_HUMAN,1.0,419,419.0,Y,Phosphotyrosine,True,True,18,0,18,ACDEFGHIKLMNPRSTVW
A-phospho,SRC_HUMAN_Chakraborty_2023_binding-DAS_25uM,SRC,SRC_HUMAN,1.0,419,419.0,Y,Phosphotyrosine,True,True,18,0,18,ACDEFGHIKLMNPRSTVW
A-phospho,SRC_HUMAN_Chakraborty_2023_binding-DAS_25uM,SRC,SRC_HUMAN,1.0,530,530.0,Y,Phosphotyrosine,True,True,0,0,0,
A-phospho,SRC_HUMAN_Nguyen_2022,SRC,SRC_HUMAN,1.0,17,17.0,S,Phosphoserine,True,True,0,0,0,
A-phospho,SRC_HUMAN_Nguyen_2022,SRC,SRC_HUMAN,1.0,75,75.0,S,Phosphoserine,True,True,0,0,0,
A-phospho,SRC_HUMAN_Nguyen_2022,SRC,SRC_HUMAN,1.0,187,187.0,Y,Phosphotyrosine,True,True,0,0,0,
A-phospho,SRC_HUMAN_Nguyen_2022,SRC,SRC_HUMAN,1.0,419,419.0,Y,Phosphotyrosine,True,True,18,0,18,ACDEFGHIKLMNPRSTVW
A-phospho,SRC_HUMAN_Nguyen_2022,SRC,SRC_HUMAN,1.0,419,419.0,Y,Phosphotyrosine,True,True,18,0,18,ACDEFGHIKLMNPRSTVW
A-phospho,SRC_HUMAN_Nguyen_2022,SRC,SRC_HUMAN,1.0,530,530.0,Y,Phosphotyrosine,True,True,0,0,0,
A-phospho,MK01_HUMAN_Brenan_2016,MK01,MK01_HUMAN,1.0,29,29.0,S,Phosphoserine,True,True,19,1,18,ACDEFGHIKLMNPQRTVWY
A-phospho,MK01_HUMAN_Brenan_2016,MK01,MK01_HUMAN,1.0,185,185.0,T,Phosphothreonine,True,True,19,1,18,ACDEFGHIKLMNPQRSVWY
A-phospho,MK01_HUMAN_Brenan_2016,MK01,MK01_HUMAN,1.0,187,187.0,Y,Phosphotyrosine,True,True,19,0,19,ACDEFGHIKLMNPQRSTVW
A-phospho,MK01_HUMAN_Brenan_2016,MK01,MK01_HUMAN,1.0,190,190.0,T,Phosphothreonine,True,True,19,1,18,ACDEFGHIKLMNPQRSVWY
A-phospho,MK01_HUMAN_Brenan_2016,MK01,MK01_HUMAN,1.0,246,246.0,S,Phosphoserine,True,True,19,1,18,ACDEFGHIKLMNPQRTVWY
A-phospho,MK01_HUMAN_Brenan_2016,MK01,MK01_HUMAN,1.0,248,248.0,S,Phosphoserine,True,True,19,1,18,ACDEFGHIKLMNPQRTVWY
A-phospho,MK01_HUMAN_Brenan_2016,MK01,MK01_HUMAN,1.0,284,284.0,S,Phosphoserine,True,True,19,1,18,ACDEFGHIKLMNPQRTVWY
A-phospho,MET_HUMAN_Estevam_2023,MET,MET_HUMAN,1.0,966,,,Phosphoserine,False,False,0,0,0,
A-phospho,MET_HUMAN_Estevam_2023,MET,MET_HUMAN,1.0,977,,,Phosphothreonine,False,False,0,0,0,
A-phospho,MET_HUMAN_Estevam_2023,MET,MET_HUMAN,1.0,990,,,Phosphoserine,False,False,0,0,0,
A-phospho,MET_HUMAN_Estevam_2023,MET,MET_HUMAN,1.0,997,,,Phosphoserine,False,False,0,0,0,
A-phospho,MET_HUMAN_Estevam_2023,MET,MET_HUMAN,1.0,1000,,,Phosphoserine,False,False,0,0,0,
A-phospho,MET_HUMAN_Estevam_2023,MET,MET_HUMAN,1.0,1003,,,Phosphotyrosine,False,False,0,0,0,
A-phospho,MET_HUMAN_Estevam_2023,MET,MET_HUMAN,1.0,1230,172.0,Y,Phosphotyrosine,True,True,19,0,19,ACDEFGHIKLMNPQRSTVW
A-phospho,MET_HUMAN_Estevam_2023,MET,MET_HUMAN,1.0,1234,176.0,Y,Phosphotyrosine,True,True,19,0,19,ACDEFGHIKLMNPQRSTVW
A-phospho,MET_HUMAN_Estevam_2023,MET,MET_HUMAN,1.0,1235,177.0,Y,Phosphotyrosine,True,True,19,0,19,ACDEFGHIKLMNPQRSTVW
A-phospho,MET_HUMAN_Estevam_2023,MET,MET_HUMAN,1.0,1289,231.0,T,Phosphothreonine,True,True,19,1,18,ACDEFGHIKLMNPQRSVWY
A-phospho,MET_HUMAN_Estevam_2023,MET,MET_HUMAN,1.0,1349,,,Phosphotyrosine,False,False,0,0,0,
A-phospho,MET_HUMAN_Estevam_2023,MET,MET_HUMAN,1.0,1356,,,Phosphotyrosine,False,False,0,0,0,
A-phospho,MET_HUMAN_Estevam_2023,MET,MET_HUMAN,1.0,1365,,,Phosphotyrosine,False,False,0,0,0,
A-phospho,RAF1_HUMAN_Zinkus-Boltz_2019,RAF1,RAF1_HUMAN,1.0,29,29.0,S,Phosphoserine,True,True,0,0,0,
A-phospho,RAF1_HUMAN_Zinkus-Boltz_2019,RAF1,RAF1_HUMAN,1.0,43,43.0,S,Phosphoserine,True,True,0,0,0,
A-phospho,RAF1_HUMAN_Zinkus-Boltz_2019,RAF1,RAF1_HUMAN,1.0,252,252.0,S,Phosphoserine,True,True,0,0,0,
A-phospho,RAF1_HUMAN_Zinkus-Boltz_2019,RAF1,RAF1_HUMAN,1.0,259,259.0,S,Phosphoserine,True,True,0,0,0,
A-phospho,RAF1_HUMAN_Zinkus-Boltz_2019,RAF1,RAF1_HUMAN,1.0,268,268.0,T,Phosphothreonine,True,True,0,0,0,
A-phospho,RAF1_HUMAN_Zinkus-Boltz_2019,RAF1,RAF1_HUMAN,1.0,269,269.0,T,Phosphothreonine,True,True,0,0,0,
A-phospho,RAF1_HUMAN_Zinkus-Boltz_2019,RAF1,RAF1_HUMAN,1.0,289,289.0,S,Phosphoserine,True,True,0,0,0,
A-phospho,RAF1_HUMAN_Zinkus-Boltz_2019,RAF1,RAF1_HUMAN,1.0,296,296.0,S,Phosphoserine,True,True,0,0,0,
A-phospho,RAF1_HUMAN_Zinkus-Boltz_2019,RAF1,RAF1_HUMAN,1.0,301,301.0,S,Phosphoserine,True,True,0,0,0,
A-phospho,RAF1_HUMAN_Zinkus-Boltz_2019,RAF1,RAF1_HUMAN,1.0,338,338.0,S,Phosphoserine,True,True,0,0,0,
A-phospho,RAF1_HUMAN_Zinkus-Boltz_2019,RAF1,RAF1_HUMAN,1.0,339,339.0,S,Phosphoserine,True,True,0,0,0,
A-phospho,RAF1_HUMAN_Zinkus-Boltz_2019,RAF1,RAF1_HUMAN,1.0,340,340.0,Y,Phosphotyrosine,True,True,0,0,0,
A-phospho,RAF1_HUMAN_Zinkus-Boltz_2019,RAF1,RAF1_HUMAN,1.0,341,341.0,Y,Phosphotyrosine,True,True,0,0,0,
A-phospho,RAF1_HUMAN_Zinkus-Boltz_2019,RAF1,RAF1_HUMAN,1.0,471,471.0,S,Phosphoserine,True,True,0,0,0,
A-phospho,RAF1_HUMAN_Zinkus-Boltz_2019,RAF1,RAF1_HUMAN,1.0,491,491.0,T,Phosphothreonine,True,True,0,0,0,
A-phospho,RAF1_HUMAN_Zinkus-Boltz_2019,RAF1,RAF1_HUMAN,1.0,494,494.0,S,Phosphoserine,True,True,0,0,0,
A-phospho,RAF1_HUMAN_Zinkus-Boltz_2019,RAF1,RAF1_HUMAN,1.0,499,499.0,S,Phosphoserine,True,True,0,0,0,
A-phospho,RAF1_HUMAN_Zinkus-Boltz_2019,RAF1,RAF1_HUMAN,1.0,621,621.0,S,Phosphoserine,True,True,0,0,0,
A-phospho,RAF1_HUMAN_Zinkus-Boltz_2019,RAF1,RAF1_HUMAN,1.0,642,642.0,S,Phosphoserine,True,True,0,0,0,
A-phospho,P53_HUMAN_Giacomelli_2018_Null_Etoposide,P53,P53_HUMAN,0.997,9,9.0,S,Phosphoserine,True,True,19,1,18,ACDEFGHIKLMNPQRTVWY
A-phospho,P53_HUMAN_Giacomelli_2018_Null_Etoposide,P53,P53_HUMAN,0.997,15,15.0,S,Phosphoserine,True,True,19,1,18,ACDEFGHIKLMNPQRTVWY
A-phospho,P53_HUMAN_Giacomelli_2018_Null_Etoposide,P53,P53_HUMAN,0.997,18,18.0,T,Phosphothreonine,True,True,19,1,18,ACDEFGHIKLMNPQRSVWY
A-phospho,P53_HUMAN_Giacomelli_2018_Null_Etoposide,P53,P53_HUMAN,0.997,20,20.0,S,Phosphoserine,True,True,19,1,18,ACDEFGHIKLMNPQRTVWY
A-phospho,P53_HUMAN_Giacomelli_2018_Null_Etoposide,P53,P53_HUMAN,0.997,33,33.0,S,Phosphoserine,True,True,19,1,18,ACDEFGHIKLMNPQRTVWY
A-phospho,P53_HUMAN_Giacomelli_2018_Null_Etoposide,P53,P53_HUMAN,0.997,37,37.0,S,Phosphoserine,True,True,19,1,18,ACDEFGHIKLMNPQRTVWY
A-phospho,P53_HUMAN_Giacomelli_2018_Null_Etoposide,P53,P53_HUMAN,0.997,46,46.0,S,Phosphoserine,True,True,19,1,18,ACDEFGHIKLMNPQRTVWY
A-phospho,P53_HUMAN_Giacomelli_2018_Null_Etoposide,P53,P53_HUMAN,0.997,55,55.0,T,Phosphothreonine,True,True,19,1,18,ACDEFGHIKLMNPQRSVWY
A-phospho,P53_HUMAN_Giacomelli_2018_Null_Etoposide,P53,P53_HUMAN,0.997,183,183.0,S,Phosphoserine,True,True,19,1,18,ACDEFGHIKLMNPQRTVWY
A-phospho,P53_HUMAN_Giacomelli_2018_Null_Etoposide,P53,P53_HUMAN,0.997,269,269.0,S,Phosphoserine,True,True,19,1,18,ACDEFGHIKLMNPQRTVWY
A-phospho,P53_HUMAN_Giacomelli_2018_Null_Etoposide,P53,P53_HUMAN,0.997,284,284.0,T,Phosphothreonine,True,True,19,1,18,ACDEFGHIKLMNPQRSVWY
A-phospho,P53_HUMAN_Giacomelli_2018_Null_Etoposide,P53,P53_HUMAN,0.997,315,315.0,S,Phosphoserine,True,True,19,1,18,ACDEFGHIKLMNPQRTVWY
A-phospho,P53_HUMAN_Giacomelli_2018_Null_Etoposide,P53,P53_HUMAN,0.997,392,392.0,S,Phosphoserine,True,True,19,1,18,ACDEFGHIKLMNPQRTVWY
A-phospho,P53_HUMAN_Giacomelli_2018_Null_Nutlin,P53,P53_HUMAN,0.997,9,9.0,S,Phosphoserine,True,True,19,1,18,ACDEFGHIKLMNPQRTVWY
A-phospho,P53_HUMAN_Giacomelli_2018_Null_Nutlin,P53,P53_HUMAN,0.997,15,15.0,S,Phosphoserine,True,True,19,1,18,ACDEFGHIKLMNPQRTVWY
A-phospho,P53_HUMAN_Giacomelli_2018_Null_Nutlin,P53,P53_HUMAN,0.997,18,18.0,T,Phosphothreonine,True,True,19,1,18,ACDEFGHIKLMNPQRSVWY
A-phospho,P53_HUMAN_Giacomelli_2018_Null_Nutlin,P53,P53_HUMAN,0.997,20,20.0,S,Phosphoserine,True,True,19,1,18,ACDEFGHIKLMNPQRTVWY
A-phospho,P53_HUMAN_Giacomelli_2018_Null_Nutlin,P53,P53_HUMAN,0.997,33,33.0,S,Phosphoserine,True,True,19,1,18,ACDEFGHIKLMNPQRTVWY
A-phospho,P53_HUMAN_Giacomelli_2018_Null_Nutlin,P53,P53_HUMAN,0.997,37,37.0,S,Phosphoserine,True,True,19,1,18,ACDEFGHIKLMNPQRTVWY
A-phospho,P53_HUMAN_Giacomelli_2018_Null_Nutlin,P53,P53_HUMAN,0.997,46,46.0,S,Phosphoserine,True,True,19,1,18,ACDEFGHIKLMNPQRTVWY
A-phospho,P53_HUMAN_Giacomelli_2018_Null_Nutlin,P53,P53_HUMAN,0.997,55,55.0,T,Phosphothreonine,True,True,19,1,18,ACDEFGHIKLMNPQRSVWY
A-phospho,P53_HUMAN_Giacomelli_2018_Null_Nutlin,P53,P53_HUMAN,0.997,183,183.0,S,Phosphoserine,True,True,19,1,18,ACDEFGHIKLMNPQRTVWY
A-phospho,P53_HUMAN_Giacomelli_2018_Null_Nutlin,P53,P53_HUMAN,0.997,269,269.0,S,Phosphoserine,True,True,19,1,18,ACDEFGHIKLMNPQRTVWY
A-phospho,P53_HUMAN_Giacomelli_2018_Null_Nutlin,P53,P53_HUMAN,0.997,284,284.0,T,Phosphothreonine,True,True,19,1,18,ACDEFGHIKLMNPQRSVWY
A-phospho,P53_HUMAN_Giacomelli_2018_Null_Nutlin,P53,P53_HUMAN,0.997,315,315.0,S,Phosphoserine,True,True,19,1,18,ACDEFGHIKLMNPQRTVWY
A-phospho,P53_HUMAN_Giacomelli_2018_Null_Nutlin,P53,P53_HUMAN,0.997,392,392.0,S,Phosphoserine,True,True,19,1,18,ACDEFGHIKLMNPQRTVWY
A-phospho,P53_HUMAN_Giacomelli_2018_WT_Nutlin,P53,P53_HUMAN,0.997,9,9.0,S,Phosphoserine,True,True,19,1,18,ACDEFGHIKLMNPQRTVWY
A-phospho,P53_HUMAN_Giacomelli_2018_WT_Nutlin,P53,P53_HUMAN,0.997,15,15.0,S,Phosphoserine,True,True,19,1,18,ACDEFGHIKLMNPQRTVWY
A-phospho,P53_HUMAN_Giacomelli_2018_WT_Nutlin,P53,P53_HUMAN,0.997,18,18.0,T,Phosphothreonine,True,True,19,1,18,ACDEFGHIKLMNPQRSVWY
A-phospho,P53_HUMAN_Giacomelli_2018_WT_Nutlin,P53,P53_HUMAN,0.997,20,20.0,S,Phosphoserine,True,True,19,1,18,ACDEFGHIKLMNPQRTVWY
A-phospho,P53_HUMAN_Giacomelli_2018_WT_Nutlin,P53,P53_HUMAN,0.997,33,33.0,S,Phosphoserine,True,True,19,1,18,ACDEFGHIKLMNPQRTVWY
A-phospho,P53_HUMAN_Giacomelli_2018_WT_Nutlin,P53,P53_HUMAN,0.997,37,37.0,S,Phosphoserine,True,True,19,1,18,ACDEFGHIKLMNPQRTVWY
A-phospho,P53_HUMAN_Giacomelli_2018_WT_Nutlin,P53,P53_HUMAN,0.997,46,46.0,S,Phosphoserine,True,True,19,1,18,ACDEFGHIKLMNPQRTVWY
A-phospho,P53_HUMAN_Giacomelli_2018_WT_Nutlin,P53,P53_HUMAN,0.997,55,55.0,T,Phosphothreonine,True,True,19,1,18,ACDEFGHIKLMNPQRSVWY
A-phospho,P53_HUMAN_Giacomelli_2018_WT_Nutlin,P53,P53_HUMAN,0.997,183,183.0,S,Phosphoserine,True,True,19,1,18,ACDEFGHIKLMNPQRTVWY
A-phospho,P53_HUMAN_Giacomelli_2018_WT_Nutlin,P53,P53_HUMAN,0.997,269,269.0,S,Phosphoserine,True,True,19,1,18,ACDEFGHIKLMNPQRTVWY
A-phospho,P53_HUMAN_Giacomelli_2018_WT_Nutlin,P53,P53_HUMAN,0.997,284,284.0,T,Phosphothreonine,True,True,19,1,18,ACDEFGHIKLMNPQRSVWY
A-phospho,P53_HUMAN_Giacomelli_2018_WT_Nutlin,P53,P53_HUMAN,0.997,315,315.0,S,Phosphoserine,True,True,19,1,18,ACDEFGHIKLMNPQRTVWY
A-phospho,P53_HUMAN_Giacomelli_2018_WT_Nutlin,P53,P53_HUMAN,0.997,392,392.0,S,Phosphoserine,True,True,19,1,18,ACDEFGHIKLMNPQRTVWY
A-phospho,P53_HUMAN_Kotler_2018,P53,P53_HUMAN,1.0,9,9.0,S,Phosphoserine,True,True,0,0,0,
A-phospho,P53_HUMAN_Kotler_2018,P53,P53_HUMAN,1.0,15,15.0,S,Phosphoserine,True,True,0,0,0,
A-phospho,P53_HUMAN_Kotler_2018,P53,P53_HUMAN,1.0,18,18.0,T,Phosphothreonine,True,True,0,0,0,
A-phospho,P53_HUMAN_Kotler_2018,P53,P53_HUMAN,1.0,20,20.0,S,Phosphoserine,True,True,0,0,0,
A-phospho,P53_HUMAN_Kotler_2018,P53,P53_HUMAN,1.0,33,33.0,S,Phosphoserine,True,True,0,0,0,
A-phospho,P53_HUMAN_Kotler_2018,P53,P53_HUMAN,1.0,37,37.0,S,Phosphoserine,True,True,0,0,0,
A-phospho,P53_HUMAN_Kotler_2018,P53,P53_HUMAN,1.0,46,46.0,S,Phosphoserine,True,True,0,0,0,
A-phospho,P53_HUMAN_Kotler_2018,P53,P53_HUMAN,1.0,55,55.0,T,Phosphothreonine,True,True,0,0,0,
A-phospho,P53_HUMAN_Kotler_2018,P53,P53_HUMAN,1.0,183,183.0,S,Phosphoserine,True,True,2,0,2,LP
A-phospho,P53_HUMAN_Kotler_2018,P53,P53_HUMAN,1.0,269,269.0,S,Phosphoserine,True,True,6,1,5,CGINRT
A-phospho,P53_HUMAN_Kotler_2018,P53,P53_HUMAN,1.0,284,284.0,T,Phosphothreonine,True,True,4,0,4,AIKP
A-phospho,P53_HUMAN_Kotler_2018,P53,P53_HUMAN,1.0,315,315.0,S,Phosphoserine,True,True,0,0,0,
A-phospho,P53_HUMAN_Kotler_2018,P53,P53_HUMAN,1.0,392,392.0,S,Phosphoserine,True,True,0,0,0,
A-phospho,PTEN_HUMAN_Matreyek_2021,PTEN,PTEN_HUMAN,1.0,294,294.0,S,Phosphoserine,True,True,17,1,16,ACDEFGHKLMNPRTVWY
A-phospho,PTEN_HUMAN_Matreyek_2021,PTEN,PTEN_HUMAN,1.0,319,319.0,T,Phosphothreonine,True,True,19,1,18,ACDEFGHIKLMNPQRSVWY
A-phospho,PTEN_HUMAN_Matreyek_2021,PTEN,PTEN_HUMAN,1.0,321,321.0,T,Phosphothreonine,True,True,17,1,16,ACDEFGHLMNPQRSVWY
A-phospho,PTEN_HUMAN_Matreyek_2021,PTEN,PTEN_HUMAN,1.0,336,336.0,Y,Phosphotyrosine,True,True,2,0,2,AS
A-phospho,PTEN_HUMAN_Matreyek_2021,PTEN,PTEN_HUMAN,1.0,366,366.0,T,Phosphothreonine,True,True,12,1,11,DEFGKLNRSVWY
A-phospho,PTEN_HUMAN_Matreyek_2021,PTEN,PTEN_HUMAN,1.0,370,370.0,S,Phosphoserine,True,True,13,1,12,ACFGKLMPQRTVW
A-phospho,PTEN_HUMAN_Matreyek_2021,PTEN,PTEN_HUMAN,1.0,380,380.0,S,Phosphoserine,True,True,1,0,1,Q
A-phospho,PTEN_HUMAN_Matreyek_2021,PTEN,PTEN_HUMAN,1.0,382,382.0,T,Phosphothreonine,True,True,0,0,0,
A-phospho,PTEN_HUMAN_Matreyek_2021,PTEN,PTEN_HUMAN,1.0,383,383.0,T,Phosphothreonine,True,True,18,1,17,ACDEFGHILMNPQRSVWY
A-phospho,PTEN_HUMAN_Matreyek_2021,PTEN,PTEN_HUMAN,1.0,385,385.0,S,Phosphoserine,True,True,19,1,18,ACDEFGHIKLMNPQRTVWY
A-phospho,PTEN_HUMAN_Matreyek_2021,PTEN,PTEN_HUMAN,1.0,401,401.0,T,Phosphothreonine,True,True,17,1,16,ACDEFGIKLMNPQRSVY
A-phospho,PTEN_HUMAN_Mighell_2018,PTEN,PTEN_HUMAN,1.0,294,294.0,S,Phosphoserine,True,True,18,1,17,ACDFGHIKLMNPQRTVWY
A-phospho,PTEN_HUMAN_Mighell_2018,PTEN,PTEN_HUMAN,1.0,319,319.0,T,Phosphothreonine,True,True,19,1,18,ACDEFGHIKLMNPQRSVWY
A-phospho,PTEN_HUMAN_Mighell_2018,PTEN,PTEN_HUMAN,1.0,321,321.0,T,Phosphothreonine,True,True,19,1,18,ACDEFGHIKLMNPQRSVWY
A-phospho,PTEN_HUMAN_Mighell_2018,PTEN,PTEN_HUMAN,1.0,336,336.0,Y,Phosphotyrosine,True,True,3,0,3,CKN
A-phospho,PTEN_HUMAN_Mighell_2018,PTEN,PTEN_HUMAN,1.0,366,366.0,T,Phosphothreonine,True,True,19,1,18,ACDEFGHIKLMNPQRSVWY
A-phospho,PTEN_HUMAN_Mighell_2018,PTEN,PTEN_HUMAN,1.0,370,370.0,S,Phosphoserine,True,True,19,1,18,ACDEFGHIKLMNPQRTVWY
A-phospho,PTEN_HUMAN_Mighell_2018,PTEN,PTEN_HUMAN,1.0,380,380.0,S,Phosphoserine,True,True,19,1,18,ACDEFGHIKLMNPQRTVWY
A-phospho,PTEN_HUMAN_Mighell_2018,PTEN,PTEN_HUMAN,1.0,382,382.0,T,Phosphothreonine,True,True,19,1,18,ACDEFGHIKLMNPQRSVWY
A-phospho,PTEN_HUMAN_Mighell_2018,PTEN,PTEN_HUMAN,1.0,383,383.0,T,Phosphothreonine,True,True,19,1,18,ACDEFGHIKLMNPQRSVWY
A-phospho,PTEN_HUMAN_Mighell_2018,PTEN,PTEN_HUMAN,1.0,385,385.0,S,Phosphoserine,True,True,19,1,18,ACDEFGHIKLMNPQRTVWY
A-phospho,PTEN_HUMAN_Mighell_2018,PTEN,PTEN_HUMAN,1.0,401,401.0,T,Phosphothreonine,True,True,6,0,6,CDFNPR
A-phospho,ADRB2_HUMAN_Jones_2020,ADRB2,ADRB2_HUMAN,1.0,141,141.0,Y,Phosphotyrosine,True,True,19,0,19,ACDEFGHIKLMNPQRSTVW
A-phospho,ADRB2_HUMAN_Jones_2020,ADRB2,ADRB2_HUMAN,1.0,246,246.0,S,Phosphoserine,True,True,19,1,18,ACDEFGHIKLMNPQRTVWY
A-phospho,ADRB2_HUMAN_Jones_2020,ADRB2,ADRB2_HUMAN,1.0,261,261.0,S,Phosphoserine,True,True,19,1,18,ACDEFGHIKLMNPQRTVWY
A-phospho,ADRB2_HUMAN_Jones_2020,ADRB2,ADRB2_HUMAN,1.0,262,262.0,S,Phosphoserine,True,True,19,1,18,ACDEFGHIKLMNPQRTVWY
A-phospho,ADRB2_HUMAN_Jones_2020,ADRB2,ADRB2_HUMAN,1.0,345,345.0,S,Phosphoserine,True,True,19,1,18,ACDEFGHIKLMNPQRTVWY
A-phospho,ADRB2_HUMAN_Jones_2020,ADRB2,ADRB2_HUMAN,1.0,346,346.0,S,Phosphoserine,True,True,18,1,17,ACDEFGHIKLNPQRTVWY
A-phospho,ADRB2_HUMAN_Jones_2020,ADRB2,ADRB2_HUMAN,1.0,355,355.0,S,Phosphoserine,True,True,19,1,18,ACDEFGHIKLMNPQRTVWY
A-phospho,ADRB2_HUMAN_Jones_2020,ADRB2,ADRB2_HUMAN,1.0,356,356.0,S,Phosphoserine,True,True,19,1,18,ACDEFGHIKLMNPQRTVWY
A-phospho,YAP1_HUMAN_Araya_2012,YAP1,YAP1_HUMAN,1.0,61,61.0,S,Phosphoserine,True,True,0,0,0,
A-phospho,YAP1_HUMAN_Araya_2012,YAP1,YAP1_HUMAN,1.0,63,63.0,T,Phosphothreonine,True,True,0,0,0,
A-phospho,YAP1_HUMAN_Araya_2012,YAP1,YAP1_HUMAN,1.0,105,105.0,S,Phosphoserine,True,True,0,0,0,
A-phospho,YAP1_HUMAN_Araya_2012,YAP1,YAP1_HUMAN,1.0,109,109.0,S,Phosphoserine,True,True,0,0,0,
A-phospho,YAP1_HUMAN_Araya_2012,YAP1,YAP1_HUMAN,1.0,110,110.0,T,Phosphothreonine,True,True,0,0,0,
A-phospho,YAP1_HUMAN_Araya_2012,YAP1,YAP1_HUMAN,1.0,119,119.0,T,Phosphothreonine,True,True,0,0,0,
A-phospho,YAP1_HUMAN_Araya_2012,YAP1,YAP1_HUMAN,1.0,127,127.0,S,Phosphoserine,True,True,0,0,0,
A-phospho,YAP1_HUMAN_Araya_2012,YAP1,YAP1_HUMAN,1.0,128,128.0,S,Phosphoserine,True,True,0,0,0,
A-phospho,YAP1_HUMAN_Araya_2012,YAP1,YAP1_HUMAN,1.0,131,131.0,S,Phosphoserine,True,True,0,0,0,
A-phospho,YAP1_HUMAN_Araya_2012,YAP1,YAP1_HUMAN,1.0,138,138.0,S,Phosphoserine,True,True,0,0,0,
A-phospho,YAP1_HUMAN_Araya_2012,YAP1,YAP1_HUMAN,1.0,154,154.0,T,Phosphothreonine,True,True,0,0,0,
A-phospho,YAP1_HUMAN_Araya_2012,YAP1,YAP1_HUMAN,1.0,164,164.0,S,Phosphoserine,True,True,0,0,0,
A-phospho,YAP1_HUMAN_Araya_2012,YAP1,YAP1_HUMAN,1.0,274,274.0,S,Phosphoserine,True,True,0,0,0,
A-phospho,YAP1_HUMAN_Araya_2012,YAP1,YAP1_HUMAN,1.0,289,289.0,S,Phosphoserine,True,True,0,0,0,
A-phospho,YAP1_HUMAN_Araya_2012,YAP1,YAP1_HUMAN,1.0,367,367.0,S,Phosphoserine,True,True,0,0,0,
A-phospho,YAP1_HUMAN_Araya_2012,YAP1,YAP1_HUMAN,1.0,371,371.0,S,Phosphoserine,True,True,0,0,0,
A-phospho,YAP1_HUMAN_Araya_2012,YAP1,YAP1_HUMAN,1.0,381,381.0,S,Phosphoserine,True,True,0,0,0,
A-phospho,YAP1_HUMAN_Araya_2012,YAP1,YAP1_HUMAN,1.0,382,382.0,S,Phosphoserine,True,True,0,0,0,
A-phospho,YAP1_HUMAN_Araya_2012,YAP1,YAP1_HUMAN,1.0,388,388.0,S,Phosphoserine,True,True,0,0,0,
A-phospho,YAP1_HUMAN_Araya_2012,YAP1,YAP1_HUMAN,1.0,397,397.0,S,Phosphoserine,True,True,0,0,0,
A-phospho,YAP1_HUMAN_Araya_2012,YAP1,YAP1_HUMAN,1.0,400,400.0,S,Phosphoserine,True,True,0,0,0,
A-phospho,YAP1_HUMAN_Araya_2012,YAP1,YAP1_HUMAN,1.0,403,403.0,S,Phosphoserine,True,True,0,0,0,
A-phospho,YAP1_HUMAN_Araya_2012,YAP1,YAP1_HUMAN,1.0,407,407.0,Y,Phosphotyrosine,True,True,0,0,0,
A-phospho,YAP1_HUMAN_Araya_2012,YAP1,YAP1_HUMAN,1.0,412,412.0,T,Phosphothreonine,True,True,0,0,0,
A-phospho,PRKN_HUMAN_Clausen_2023,PRKN,PRKN_HUMAN,1.0,65,65.0,S,Phosphoserine,True,True,19,1,18,ACDEFGHIKLMNPQRTVWY
A-phospho,PRKN_HUMAN_Clausen_2023,PRKN,PRKN_HUMAN,1.0,175,175.0,T,Phosphothreonine,True,True,19,1,18,ACDEFGHIKLMNPQRSVWY
A-phospho,PRKN_HUMAN_Clausen_2023,PRKN,PRKN_HUMAN,1.0,217,217.0,T,Phosphothreonine,True,True,19,1,18,ACDEFGHIKLMNPQRSVWY
A-phospho,BRCA1_HUMAN_Findlay_2018,BRCA1,BRCA1_HUMAN,1.0,114,114.0,S,Phosphoserine,True,True,0,0,0,
A-phospho,BRCA1_HUMAN_Findlay_2018,BRCA1,BRCA1_HUMAN,1.0,395,395.0,S,Phosphoserine,True,True,0,0,0,
A-phospho,BRCA1_HUMAN_Findlay_2018,BRCA1,BRCA1_HUMAN,1.0,398,398.0,S,Phosphoserine,True,True,0,0,0,
A-phospho,BRCA1_HUMAN_Findlay_2018,BRCA1,BRCA1_HUMAN,1.0,423,423.0,S,Phosphoserine,True,True,0,0,0,
A-phospho,BRCA1_HUMAN_Findlay_2018,BRCA1,BRCA1_HUMAN,1.0,434,434.0,S,Phosphoserine,True,True,0,0,0,
A-phospho,BRCA1_HUMAN_Findlay_2018,BRCA1,BRCA1_HUMAN,1.0,551,551.0,S,Phosphoserine,True,True,0,0,0,
A-phospho,BRCA1_HUMAN_Findlay_2018,BRCA1,BRCA1_HUMAN,1.0,694,694.0,S,Phosphoserine,True,True,0,0,0,
A-phospho,BRCA1_HUMAN_Findlay_2018,BRCA1,BRCA1_HUMAN,1.0,708,708.0,S,Phosphoserine,True,True,0,0,0,
A-phospho,BRCA1_HUMAN_Findlay_2018,BRCA1,BRCA1_HUMAN,1.0,725,725.0,S,Phosphoserine,True,True,0,0,0,
A-phospho,BRCA1_HUMAN_Findlay_2018,BRCA1,BRCA1_HUMAN,1.0,753,753.0,S,Phosphoserine,True,True,0,0,0,
A-phospho,BRCA1_HUMAN_Findlay_2018,BRCA1,BRCA1_HUMAN,1.0,840,840.0,S,Phosphoserine,True,True,0,0,0,
A-phospho,BRCA1_HUMAN_Findlay_2018,BRCA1,BRCA1_HUMAN,1.0,988,988.0,S,Phosphoserine,True,True,0,0,0,
A-phospho,BRCA1_HUMAN_Findlay_2018,BRCA1,BRCA1_HUMAN,1.0,1009,1009.0,S,Phosphoserine,True,True,0,0,0,
A-phospho,BRCA1_HUMAN_Findlay_2018,BRCA1,BRCA1_HUMAN,1.0,1143,1143.0,S,Phosphoserine,True,True,0,0,0,
A-phospho,BRCA1_HUMAN_Findlay_2018,BRCA1,BRCA1_HUMAN,1.0,1189,1189.0,S,Phosphoserine,True,True,0,0,0,
A-phospho,BRCA1_HUMAN_Findlay_2018,BRCA1,BRCA1_HUMAN,1.0,1191,1191.0,S,Phosphoserine,True,True,0,0,0,
A-phospho,BRCA1_HUMAN_Findlay_2018,BRCA1,BRCA1_HUMAN,1.0,1211,1211.0,S,Phosphoserine,True,True,0,0,0,
A-phospho,BRCA1_HUMAN_Findlay_2018,BRCA1,BRCA1_HUMAN,1.0,1217,1217.0,S,Phosphoserine,True,True,0,0,0,
A-phospho,BRCA1_HUMAN_Findlay_2018,BRCA1,BRCA1_HUMAN,1.0,1218,1218.0,S,Phosphoserine,True,True,0,0,0,
A-phospho,BRCA1_HUMAN_Findlay_2018,BRCA1,BRCA1_HUMAN,1.0,1280,1280.0,S,Phosphoserine,True,True,0,0,0,
A-phospho,BRCA1_HUMAN_Findlay_2018,BRCA1,BRCA1_HUMAN,1.0,1328,1328.0,S,Phosphoserine,True,True,0,0,0,
A-phospho,BRCA1_HUMAN_Findlay_2018,BRCA1,BRCA1_HUMAN,1.0,1336,1336.0,S,Phosphoserine,True,True,0,0,0,
A-phospho,BRCA1_HUMAN_Findlay_2018,BRCA1,BRCA1_HUMAN,1.0,1342,1342.0,S,Phosphoserine,True,True,0,0,0,
A-phospho,BRCA1_HUMAN_Findlay_2018,BRCA1,BRCA1_HUMAN,1.0,1387,1387.0,S,Phosphoserine,True,True,0,0,0,
A-phospho,BRCA1_HUMAN_Findlay_2018,BRCA1,BRCA1_HUMAN,1.0,1394,1394.0,T,Phosphothreonine,True,True,0,0,0,
A-phospho,BRCA1_HUMAN_Findlay_2018,BRCA1,BRCA1_HUMAN,1.0,1423,1423.0,S,Phosphoserine,True,True,0,0,0,
A-phospho,BRCA1_HUMAN_Findlay_2018,BRCA1,BRCA1_HUMAN,1.0,1457,1457.0,S,Phosphoserine,True,True,0,0,0,
A-phospho,BRCA1_HUMAN_Findlay_2018,BRCA1,BRCA1_HUMAN,1.0,1524,1524.0,S,Phosphoserine,True,True,0,0,0,
A-phospho,BRCA1_HUMAN_Findlay_2018,BRCA1,BRCA1_HUMAN,1.0,1542,1542.0,S,Phosphoserine,True,True,0,0,0,
